symbol,name,market_code,asset_class,currency,tick_size,lot_size,is_active
005930,삼성전자,KRX,kr_stock,KRW,100,1,TRUE
000660,SK하이닉스,KRX,kr_stock,KRW,100,1,TRUE
005935,삼성전자우,KRX,kr_stock,KRW,100,1,TRUE
402340,SK스퀘어,KRX,kr_stock,KRW,100,1,TRUE
005380,현대차,KRX,kr_stock,KRW,100,1,TRUE
373220,LG에너지솔루션,KRX,kr_stock,KRW,100,1,TRUE
009150,삼성전기,KRX,kr_stock,KRW,100,1,TRUE
034020,두산에너빌리티,KRX,kr_stock,KRW,100,1,TRUE
028260,삼성물산,KRX,kr_stock,KRW,100,1,TRUE
329180,HD현대중공업,KRX,kr_stock,KRW,100,1,TRUE
000270,기아,KRX,kr_stock,KRW,100,1,TRUE
012450,한화에어로스페이스,KRX,kr_stock,KRW,100,1,TRUE
207940,삼성바이오로직스,KRX,kr_stock,KRW,100,1,TRUE
032830,삼성생명,KRX,kr_stock,KRW,100,1,TRUE
012330,현대모비스,KRX,kr_stock,KRW,100,1,TRUE
105560,KB금융,KRX,kr_stock,KRW,100,1,TRUE
006400,삼성SDI,KRX,kr_stock,KRW,100,1,TRUE
055550,신한지주,KRX,kr_stock,KRW,100,1,TRUE
267260,HD현대일렉트릭,KRX,kr_stock,KRW,100,1,TRUE
068270,셀트리온,KRX,kr_stock,KRW,100,1,TRUE
010120,LS ELECTRIC,KRX,kr_stock,KRW,100,1,TRUE
006800,미래에셋증권,KRX,kr_stock,KRW,100,1,TRUE
034730,SK,KRX,kr_stock,KRW,100,1,TRUE
042700,한미반도체,KRX,kr_stock,KRW,100,1,TRUE
005490,POSCO홀딩스,KRX,kr_stock,KRW,100,1,TRUE
298040,효성중공업,KRX,kr_stock,KRW,100,1,TRUE
042660,한화오션,KRX,kr_stock,KRW,100,1,TRUE
066570,LG전자,KRX,kr_stock,KRW,100,1,TRUE
086790,하나금융지주,KRX,kr_stock,KRW,100,1,TRUE
035420,NAVER,KRX,kr_stock,KRW,100,1,TRUE
010130,고려아연,KRX,kr_stock,KRW,100,1,TRUE
009540,HD한국조선해양,KRX,kr_stock,KRW,100,1,TRUE
051910,LG화학,KRX,kr_stock,KRW,100,1,TRUE
000150,두산,KRX,kr_stock,KRW,100,1,TRUE
010140,삼성중공업,KRX,kr_stock,KRW,100,1,TRUE
015760,한국전력,KRX,kr_stock,KRW,100,1,TRUE
000810,삼성화재,KRX,kr_stock,KRW,100,1,TRUE
316140,우리금융지주,KRX,kr_stock,KRW,100,1,TRUE
064350,현대로템,KRX,kr_stock,KRW,100,1,TRUE
003670,포스코퓨처엠,KRX,kr_stock,KRW,100,1,TRUE
017670,SK텔레콤,KRX,kr_stock,KRW,100,1,TRUE
267250,HD현대,KRX,kr_stock,KRW,100,1,TRUE
272210,한화시스템,KRX,kr_stock,KRW,100,1,TRUE
033780,KT&G,KRX,kr_stock,KRW,100,1,TRUE
096770,SK이노베이션,KRX,kr_stock,KRW,100,1,TRUE
035720,카카오,KRX,kr_stock,KRW,100,1,TRUE
086280,현대글로비스,KRX,kr_stock,KRW,100,1,TRUE
079550,LIG디펜스앤에어로스페이스,KRX,kr_stock,KRW,100,1,TRUE
011200,HMM,KRX,kr_stock,KRW,100,1,TRUE
307950,현대오토에버,KRX,kr_stock,KRW,100,1,TRUE
000720,현대건설,KRX,kr_stock,KRW,100,1,TRUE
138040,메리츠금융지주,KRX,kr_stock,KRW,100,1,TRUE
003550,LG,KRX,kr_stock,KRW,100,1,TRUE
011070,LG이노텍,KRX,kr_stock,KRW,100,1,TRUE
024110,기업은행,KRX,kr_stock,KRW,100,1,TRUE
047810,한국항공우주,KRX,kr_stock,KRW,100,1,TRUE
278470,에이피알,KRX,kr_stock,KRW,100,1,TRUE
006260,LS,KRX,kr_stock,KRW,100,1,TRUE
030200,KT,KRX,kr_stock,KRW,100,1,TRUE
071050,한국금융지주,KRX,kr_stock,KRW,100,1,TRUE
018260,삼성에스디에스,KRX,kr_stock,KRW,100,1,TRUE
259960,크래프톤,KRX,kr_stock,KRW,100,1,TRUE
047040,대우건설,KRX,kr_stock,KRW,100,1,TRUE
047050,포스코인터내셔널,KRX,kr_stock,KRW,100,1,TRUE
0126Z0,삼성에피스홀딩스,KRX,kr_stock,KRW,100,1,TRUE
010950,S-Oil,KRX,kr_stock,KRW,100,1,TRUE
005940,NH투자증권,KRX,kr_stock,KRW,100,1,TRUE
001440,대한전선,KRX,kr_stock,KRW,100,1,TRUE
016360,삼성증권,KRX,kr_stock,KRW,100,1,TRUE
005830,DB손해보험,KRX,kr_stock,KRW,100,1,TRUE
323410,카카오뱅크,KRX,kr_stock,KRW,100,1,TRUE
039490,키움증권,KRX,kr_stock,KRW,100,1,TRUE
003230,삼양식품,KRX,kr_stock,KRW,100,1,TRUE
028050,삼성E&A,KRX,kr_stock,KRW,100,1,TRUE
352820,하이브,KRX,kr_stock,KRW,100,1,TRUE
000880,한화,KRX,kr_stock,KRW,100,1,TRUE
003490,대한항공,KRX,kr_stock,KRW,100,1,TRUE
005387,현대차2우B,KRX,kr_stock,KRW,100,1,TRUE
443060,HD현대마린솔루션,KRX,kr_stock,KRW,100,1,TRUE
007660,이수페타시스,KRX,kr_stock,KRW,100,1,TRUE
062040,산일전기,KRX,kr_stock,KRW,100,1,TRUE
064400,LG씨엔에스,KRX,kr_stock,KRW,100,1,TRUE
267270,HD건설기계,KRX,kr_stock,KRW,100,1,TRUE
180640,한진칼,KRX,kr_stock,KRW,100,1,TRUE
009830,한화솔루션,KRX,kr_stock,KRW,100,1,TRUE
326030,SK바이오팜,KRX,kr_stock,KRW,100,1,TRUE
000990,DB하이텍,KRX,kr_stock,KRW,100,1,TRUE
377300,카카오페이,KRX,kr_stock,KRW,100,1,TRUE
034220,LG디스플레이,KRX,kr_stock,KRW,100,1,TRUE
161390,한국타이어앤테크놀로지,KRX,kr_stock,KRW,100,1,TRUE
090430,아모레퍼시픽,KRX,kr_stock,KRW,100,1,TRUE
353200,대덕전자,KRX,kr_stock,KRW,100,1,TRUE
032640,LG유플러스,KRX,kr_stock,KRW,100,1,TRUE
000100,유한양행,KRX,kr_stock,KRW,100,1,TRUE
066970,엘앤에프,KRX,kr_stock,KRW,100,1,TRUE
078930,GS,KRX,kr_stock,KRW,100,1,TRUE
454910,두산로보틱스,KRX,kr_stock,KRW,100,1,TRUE
241560,두산밥캣,KRX,kr_stock,KRW,100,1,TRUE
021240,코웨이,KRX,kr_stock,KRW,100,1,TRUE
010060,OCI홀딩스,KRX,kr_stock,KRW,100,1,TRUE
005385,현대차우,KRX,kr_stock,KRW,100,1,TRUE
000500,가온전선,KRX,kr_stock,KRW,100,1,TRUE
082740,한화엔진,KRX,kr_stock,KRW,100,1,TRUE
103590,일진전기,KRX,kr_stock,KRW,100,1,TRUE
001040,CJ,KRX,kr_stock,KRW,100,1,TRUE
004020,현대제철,KRX,kr_stock,KRW,100,1,TRUE
336260,두산퓨얼셀,KRX,kr_stock,KRW,100,1,TRUE
036570,NC,KRX,kr_stock,KRW,100,1,TRUE
052690,한전기술,KRX,kr_stock,KRW,100,1,TRUE
029780,삼성카드,KRX,kr_stock,KRW,100,1,TRUE
128940,한미약품,KRX,kr_stock,KRW,100,1,TRUE
271560,오리온,KRX,kr_stock,KRW,100,1,TRUE
011790,SKC,KRX,kr_stock,KRW,100,1,TRUE
138930,BNK금융지주,KRX,kr_stock,KRW,100,1,TRUE
022100,포스코DX,KRX,kr_stock,KRW,100,1,TRUE
088980,맥쿼리인프라,KRX,kr_stock,KRW,100,1,TRUE
018880,한온시스템,KRX,kr_stock,KRW,100,1,TRUE
002380,KCC,KRX,kr_stock,KRW,100,1,TRUE
004170,신세계,KRX,kr_stock,KRW,100,1,TRUE
023530,롯데쇼핑,KRX,kr_stock,KRW,100,1,TRUE
450080,에코프로머티,KRX,kr_stock,KRW,100,1,TRUE
175330,JB금융지주,KRX,kr_stock,KRW,100,1,TRUE
088350,한화생명,KRX,kr_stock,KRW,100,1,TRUE
051900,LG생활건강,KRX,kr_stock,KRW,100,1,TRUE
004800,효성,KRX,kr_stock,KRW,100,1,TRUE
489790,한화비전,KRX,kr_stock,KRW,100,1,TRUE
011170,롯데케미칼,KRX,kr_stock,KRW,100,1,TRUE
014680,한솔케미칼,KRX,kr_stock,KRW,100,1,TRUE
011780,금호석유화학,KRX,kr_stock,KRW,100,1,TRUE
012510,더존비즈온,KRX,kr_stock,KRW,100,1,TRUE
017800,현대엘리베이터,KRX,kr_stock,KRW,100,1,TRUE
251270,넷마블,KRX,kr_stock,KRW,100,1,TRUE
111770,영원무역,KRX,kr_stock,KRW,100,1,TRUE
020150,롯데에너지머티리얼즈,KRX,kr_stock,KRW,100,1,TRUE
036460,한국가스공사,KRX,kr_stock,KRW,100,1,TRUE
035250,강원랜드,KRX,kr_stock,KRW,100,1,TRUE
097950,CJ제일제당,KRX,kr_stock,KRW,100,1,TRUE
302440,SK바이오사이언스,KRX,kr_stock,KRW,100,1,TRUE
375500,DL이앤씨,KRX,kr_stock,KRW,100,1,TRUE
457190,이수스페셜티케미컬,KRX,kr_stock,KRW,100,1,TRUE
139480,이마트,KRX,kr_stock,KRW,100,1,TRUE
028670,팬오션,KRX,kr_stock,KRW,100,1,TRUE
031210,서울보증보험,KRX,kr_stock,KRW,100,1,TRUE
483650,달바글로벌,KRX,kr_stock,KRW,100,1,TRUE
383220,F&F,KRX,kr_stock,KRW,100,1,TRUE
005850,에스엘,KRX,kr_stock,KRW,100,1,TRUE
001720,신영증권,KRX,kr_stock,KRW,100,1,TRUE
139130,iM금융지주,KRX,kr_stock,KRW,100,1,TRUE
006360,GS건설,KRX,kr_stock,KRW,100,1,TRUE
204320,HL만도,KRX,kr_stock,KRW,100,1,TRUE
004990,롯데지주,KRX,kr_stock,KRW,100,1,TRUE
012750,에스원,KRX,kr_stock,KRW,100,1,TRUE
071970,HD현대마린엔진,KRX,kr_stock,KRW,100,1,TRUE
007340,DN오토모티브,KRX,kr_stock,KRW,100,1,TRUE
439260,대한조선,KRX,kr_stock,KRW,100,1,TRUE
229640,LS에코에너지,KRX,kr_stock,KRW,100,1,TRUE
001450,현대해상,KRX,kr_stock,KRW,100,1,TRUE
009970,영원무역홀딩스,KRX,kr_stock,KRW,100,1,TRUE
322000,HD현대에너지솔루션,KRX,kr_stock,KRW,100,1,TRUE
00680K,미래에셋증권2우B,KRX,kr_stock,KRW,100,1,TRUE
069960,현대백화점,KRX,kr_stock,KRW,100,1,TRUE
000155,두산우,KRX,kr_stock,KRW,100,1,TRUE
011210,현대위아,KRX,kr_stock,KRW,100,1,TRUE
120110,코오롱인더,KRX,kr_stock,KRW,100,1,TRUE
018670,SK가스,KRX,kr_stock,KRW,100,1,TRUE
103140,풍산,KRX,kr_stock,KRW,100,1,TRUE
001430,세아베스틸지주,KRX,kr_stock,KRW,100,1,TRUE
008770,호텔신라,KRX,kr_stock,KRW,100,1,TRUE
026960,동서,KRX,kr_stock,KRW,100,1,TRUE
051600,한전KPS,KRX,kr_stock,KRW,100,1,TRUE
282330,BGF리테일,KRX,kr_stock,KRW,100,1,TRUE
009420,한올바이오파마,KRX,kr_stock,KRW,100,1,TRUE
008930,한미사이언스,KRX,kr_stock,KRW,100,1,TRUE
007070,GS리테일,KRX,kr_stock,KRW,100,1,TRUE
005440,현대지에프홀딩스,KRX,kr_stock,KRW,100,1,TRUE
161890,한국콜마,KRX,kr_stock,KRW,100,1,TRUE
004370,농심,KRX,kr_stock,KRW,100,1,TRUE
007810,코리아써키트,KRX,kr_stock,KRW,100,1,TRUE
112610,씨에스윈드,KRX,kr_stock,KRW,100,1,TRUE
000240,한국앤컴퍼니,KRX,kr_stock,KRW,100,1,TRUE
279570,케이뱅크,KRX,kr_stock,KRW,100,1,TRUE
030000,제일기획,KRX,kr_stock,KRW,100,1,TRUE
097230,HJ중공업,KRX,kr_stock,KRW,100,1,TRUE
192820,코스맥스,KRX,kr_stock,KRW,100,1,TRUE
000120,CJ대한통운,KRX,kr_stock,KRW,100,1,TRUE
003690,코리안리,KRX,kr_stock,KRW,100,1,TRUE
017960,한국카본,KRX,kr_stock,KRW,100,1,TRUE
002790,아모레퍼시픽홀딩스,KRX,kr_stock,KRW,100,1,TRUE
081660,미스토홀딩스,KRX,kr_stock,KRW,100,1,TRUE
298020,효성티앤씨,KRX,kr_stock,KRW,100,1,TRUE
085620,미래에셋생명,KRX,kr_stock,KRW,100,1,TRUE
361610,SK아이이테크놀로지,KRX,kr_stock,KRW,100,1,TRUE
023590,다우기술,KRX,kr_stock,KRW,100,1,TRUE
077970,STX엔진,KRX,kr_stock,KRW,100,1,TRUE
005070,코스모신소재,KRX,kr_stock,KRW,100,1,TRUE
462870,시프트업,KRX,kr_stock,KRW,100,1,TRUE
001120,LX인터내셔널,KRX,kr_stock,KRW,100,1,TRUE
003540,대신증권,KRX,kr_stock,KRW,100,1,TRUE
475150,SK이터닉스,KRX,kr_stock,KRW,100,1,TRUE
395400,SK리츠,KRX,kr_stock,KRW,100,1,TRUE
006040,동원산업,KRX,kr_stock,KRW,100,1,TRUE
006280,녹십자,KRX,kr_stock,KRW,100,1,TRUE
003570,SNT다이내믹스,KRX,kr_stock,KRW,100,1,TRUE
069620,대웅제약,KRX,kr_stock,KRW,100,1,TRUE
020560,아시아나항공,KRX,kr_stock,KRW,100,1,TRUE
281820,케이씨텍,KRX,kr_stock,KRW,100,1,TRUE
030610,교보증권,KRX,kr_stock,KRW,100,1,TRUE
001740,SK네트웍스,KRX,kr_stock,KRW,100,1,TRUE
032350,롯데관광개발,KRX,kr_stock,KRW,100,1,TRUE
003530,한화투자증권,KRX,kr_stock,KRW,100,1,TRUE
001800,오리온홀딩스,KRX,kr_stock,KRW,100,1,TRUE
294870,IPARK현대산업개발,KRX,kr_stock,KRW,100,1,TRUE
004000,롯데정밀화학,KRX,kr_stock,KRW,100,1,TRUE
195870,해성디에스,KRX,kr_stock,KRW,100,1,TRUE
073240,금호타이어,KRX,kr_stock,KRW,100,1,TRUE
034230,파라다이스,KRX,kr_stock,KRW,100,1,TRUE
093370,후성,KRX,kr_stock,KRW,100,1,TRUE
007310,오뚜기,KRX,kr_stock,KRW,100,1,TRUE
006110,삼아알미늄,KRX,kr_stock,KRW,100,1,TRUE
012630,HDC,KRX,kr_stock,KRW,100,1,TRUE
066575,LG전자우,KRX,kr_stock,KRW,100,1,TRUE
051915,LG화학우,KRX,kr_stock,KRW,100,1,TRUE
000210,DL,KRX,kr_stock,KRW,100,1,TRUE
100090,SK오션플랜트,KRX,kr_stock,KRW,100,1,TRUE
003470,유안타증권,KRX,kr_stock,KRW,100,1,TRUE
082640,동양생명,KRX,kr_stock,KRW,100,1,TRUE
090460,비에이치,KRX,kr_stock,KRW,100,1,TRUE
192080,더블유게임즈,KRX,kr_stock,KRW,100,1,TRUE
003090,대웅,KRX,kr_stock,KRW,100,1,TRUE
181710,NHN,KRX,kr_stock,KRW,100,1,TRUE
300720,한일시멘트,KRX,kr_stock,KRW,100,1,TRUE
456040,OCI,KRX,kr_stock,KRW,100,1,TRUE
006340,대원전선,KRX,kr_stock,KRW,100,1,TRUE
415640,KB발해인프라,KRX,kr_stock,KRW,100,1,TRUE
000080,하이트진로,KRX,kr_stock,KRW,100,1,TRUE
003240,태광산업,KRX,kr_stock,KRW,100,1,TRUE
089860,롯데렌탈,KRX,kr_stock,KRW,100,1,TRUE
000670,영풍,KRX,kr_stock,KRW,100,1,TRUE
330590,롯데리츠,KRX,kr_stock,KRW,100,1,TRUE
000815,삼성화재우,KRX,kr_stock,KRW,100,1,TRUE
009450,경동나비엔,KRX,kr_stock,KRW,100,1,TRUE
185750,종근당,KRX,kr_stock,KRW,100,1,TRUE
009155,삼성전기우,KRX,kr_stock,KRW,100,1,TRUE
280360,롯데웰푸드,KRX,kr_stock,KRW,100,1,TRUE
005300,롯데칠성,KRX,kr_stock,KRW,100,1,TRUE
005690,파미셀,KRX,kr_stock,KRW,100,1,TRUE
499790,GS피앤엘,KRX,kr_stock,KRW,100,1,TRUE
298050,HS효성첨단소재,KRX,kr_stock,KRW,100,1,TRUE
365550,ESR켄달스퀘어리츠,KRX,kr_stock,KRW,100,1,TRUE
057050,현대홈쇼핑,KRX,kr_stock,KRW,100,1,TRUE
248070,솔루엠,KRX,kr_stock,KRW,100,1,TRUE
108320,LX세미콘,KRX,kr_stock,KRW,100,1,TRUE
001510,SK증권,KRX,kr_stock,KRW,100,1,TRUE
033240,자화전자,KRX,kr_stock,KRW,100,1,TRUE
071055,한국금융지주우,KRX,kr_stock,KRW,100,1,TRUE
100840,SNT에너지,KRX,kr_stock,KRW,100,1,TRUE
137310,에스디바이오센서,KRX,kr_stock,KRW,100,1,TRUE
192400,쿠쿠홀딩스,KRX,kr_stock,KRW,100,1,TRUE
075580,세진중공업,KRX,kr_stock,KRW,100,1,TRUE
00088K,한화3우B,KRX,kr_stock,KRW,100,1,TRUE
451800,한화리츠,KRX,kr_stock,KRW,100,1,TRUE
006650,대한유화,KRX,kr_stock,KRW,100,1,TRUE
006120,SK디스커버리,KRX,kr_stock,KRW,100,1,TRUE
484870,엠앤씨솔루션,KRX,kr_stock,KRW,100,1,TRUE
079900,전진건설로봇,KRX,kr_stock,KRW,100,1,TRUE
002020,코오롱,KRX,kr_stock,KRW,100,1,TRUE
003160,디아이,KRX,kr_stock,KRW,100,1,TRUE
025540,한국단자,KRX,kr_stock,KRW,100,1,TRUE
285130,SK케미칼,KRX,kr_stock,KRW,100,1,TRUE
071320,지역난방공사,KRX,kr_stock,KRW,100,1,TRUE
178920,PI첨단소재,KRX,kr_stock,KRW,100,1,TRUE
010780,아이에스동서,KRX,kr_stock,KRW,100,1,TRUE
036530,SNT홀딩스,KRX,kr_stock,KRW,100,1,TRUE
064960,SNT모티브,KRX,kr_stock,KRW,100,1,TRUE
004490,세방전지,KRX,kr_stock,KRW,100,1,TRUE
009240,한샘,KRX,kr_stock,KRW,100,1,TRUE
003850,보령,KRX,kr_stock,KRW,100,1,TRUE
336370,솔루스첨단소재,KRX,kr_stock,KRW,100,1,TRUE
030190,NICE평가정보,KRX,kr_stock,KRW,100,1,TRUE
005880,대한해운,KRX,kr_stock,KRW,100,1,TRUE
079160,CJ CGV,KRX,kr_stock,KRW,100,1,TRUE
011930,신성이엔지,KRX,kr_stock,KRW,100,1,TRUE
214320,이노션,KRX,kr_stock,KRW,100,1,TRUE
000370,한화손해보험,KRX,kr_stock,KRW,100,1,TRUE
003620,KG모빌리티,KRX,kr_stock,KRW,100,1,TRUE
005250,녹십자홀딩스,KRX,kr_stock,KRW,100,1,TRUE
00104K,CJ4우(전환),KRX,kr_stock,KRW,100,1,TRUE
003030,세아제강지주,KRX,kr_stock,KRW,100,1,TRUE
114090,GKL,KRX,kr_stock,KRW,100,1,TRUE
317450,명인제약,KRX,kr_stock,KRW,100,1,TRUE
001270,부국증권,KRX,kr_stock,KRW,100,1,TRUE
014820,동원시스템즈,KRX,kr_stock,KRW,100,1,TRUE
005090,SGC에너지,KRX,kr_stock,KRW,100,1,TRUE
093050,LF,KRX,kr_stock,KRW,100,1,TRUE
001680,대상,KRX,kr_stock,KRW,100,1,TRUE
249420,일동제약,KRX,kr_stock,KRW,100,1,TRUE
001060,JW중외제약,KRX,kr_stock,KRW,100,1,TRUE
069260,TKG휴켐스,KRX,kr_stock,KRW,100,1,TRUE
007700,F&F홀딩스,KRX,kr_stock,KRW,100,1,TRUE
016380,KG스틸,KRX,kr_stock,KRW,100,1,TRUE
161000,애경케미칼,KRX,kr_stock,KRW,100,1,TRUE
001500,현대차증권,KRX,kr_stock,KRW,100,1,TRUE
001820,삼화콘덴서,KRX,kr_stock,KRW,100,1,TRUE
015860,일진홀딩스,KRX,kr_stock,KRW,100,1,TRUE
017940,E1,KRX,kr_stock,KRW,100,1,TRUE
017900,광전자,KRX,kr_stock,KRW,100,1,TRUE
005180,빙그레,KRX,kr_stock,KRW,100,1,TRUE
002350,넥센타이어,KRX,kr_stock,KRW,100,1,TRUE
460860,동국제강,KRX,kr_stock,KRW,100,1,TRUE
293940,신한알파리츠,KRX,kr_stock,KRW,100,1,TRUE
002840,미원상사,KRX,kr_stock,KRW,100,1,TRUE
003280,흥아해운,KRX,kr_stock,KRW,100,1,TRUE
383800,LX홀딩스,KRX,kr_stock,KRW,100,1,TRUE
058650,세아홀딩스,KRX,kr_stock,KRW,100,1,TRUE
000640,동아쏘시오홀딩스,KRX,kr_stock,KRW,100,1,TRUE
000400,롯데손해보험,KRX,kr_stock,KRW,100,1,TRUE
452260,한화갤러리아,KRX,kr_stock,KRW,100,1,TRUE
005389,현대차3우B,KRX,kr_stock,KRW,100,1,TRUE
001570,금양,KRX,kr_stock,KRW,100,1,TRUE
001530,DI동일,KRX,kr_stock,KRW,100,1,TRUE
217590,티엠씨,KRX,kr_stock,KRW,100,1,TRUE
002960,한국쉘석유,KRX,kr_stock,KRW,100,1,TRUE
005810,풍산홀딩스,KRX,kr_stock,KRW,100,1,TRUE
020000,한섬,KRX,kr_stock,KRW,100,1,TRUE
039130,하나투어,KRX,kr_stock,KRW,100,1,TRUE
009900,명신산업,KRX,kr_stock,KRW,100,1,TRUE
006380,카프로,KRX,kr_stock,KRW,100,1,TRUE
005420,코스모화학,KRX,kr_stock,KRW,100,1,TRUE
008060,대덕,KRX,kr_stock,KRW,100,1,TRUE
001200,유진투자증권,KRX,kr_stock,KRW,100,1,TRUE
453340,현대그린푸드,KRX,kr_stock,KRW,100,1,TRUE
008730,율촌화학,KRX,kr_stock,KRW,100,1,TRUE
002240,고려제강,KRX,kr_stock,KRW,100,1,TRUE
010820,퍼스텍,KRX,kr_stock,KRW,100,1,TRUE
019170,신풍제약,KRX,kr_stock,KRW,100,1,TRUE
271940,일진하이솔루스,KRX,kr_stock,KRW,100,1,TRUE
031430,신세계인터내셔날,KRX,kr_stock,KRW,100,1,TRUE
403550,쏘카,KRX,kr_stock,KRW,100,1,TRUE
016610,DB증권,KRX,kr_stock,KRW,100,1,TRUE
003000,부광약품,KRX,kr_stock,KRW,100,1,TRUE
003545,대신증권우,KRX,kr_stock,KRW,100,1,TRUE
284740,쿠쿠홈시스,KRX,kr_stock,KRW,100,1,TRUE
014830,유니드,KRX,kr_stock,KRW,100,1,TRUE
003300,한일홀딩스,KRX,kr_stock,KRW,100,1,TRUE
009410,태영건설,KRX,kr_stock,KRW,100,1,TRUE
268280,미원에스씨,KRX,kr_stock,KRW,100,1,TRUE
130660,한전산업,KRX,kr_stock,KRW,100,1,TRUE
377740,바이오노트,KRX,kr_stock,KRW,100,1,TRUE
094800,맵스리얼티,KRX,kr_stock,KRW,100,1,TRUE
010690,화신,KRX,kr_stock,KRW,100,1,TRUE
0120G0,삼양바이오팜,KRX,kr_stock,KRW,100,1,TRUE
005945,NH투자증권우,KRX,kr_stock,KRW,100,1,TRUE
006405,삼성SDI우,KRX,kr_stock,KRW,100,1,TRUE
448730,삼성FN리츠,KRX,kr_stock,KRW,100,1,TRUE
000157,두산2우B,KRX,kr_stock,KRW,100,1,TRUE
004690,삼천리,KRX,kr_stock,KRW,100,1,TRUE
381970,케이카,KRX,kr_stock,KRW,100,1,TRUE
000070,삼양홀딩스,KRX,kr_stock,KRW,100,1,TRUE
034310,NICE,KRX,kr_stock,KRW,100,1,TRUE
092790,넥스틸,KRX,kr_stock,KRW,100,1,TRUE
016590,신대양제지,KRX,kr_stock,KRW,100,1,TRUE
027410,BGF,KRX,kr_stock,KRW,100,1,TRUE
090435,아모레퍼시픽우,KRX,kr_stock,KRW,100,1,TRUE
950210,프레스티지바이오파마,KRX,kr_stock,KRW,100,1,TRUE
145990,삼양사,KRX,kr_stock,KRW,100,1,TRUE
145720,덴티움,KRX,kr_stock,KRW,100,1,TRUE
002710,TCC스틸,KRX,kr_stock,KRW,100,1,TRUE
306200,세아제강,KRX,kr_stock,KRW,100,1,TRUE
015360,INVENI,KRX,kr_stock,KRW,100,1,TRUE
105840,우진,KRX,kr_stock,KRW,100,1,TRUE
029530,신도리코,KRX,kr_stock,KRW,100,1,TRUE
012030,DB,KRX,kr_stock,KRW,100,1,TRUE
002030,아세아,KRX,kr_stock,KRW,100,1,TRUE
006220,제주은행,KRX,kr_stock,KRW,100,1,TRUE
192650,드림텍,KRX,kr_stock,KRW,100,1,TRUE
025860,남해화학,KRX,kr_stock,KRW,100,1,TRUE
004710,한솔테크닉스,KRX,kr_stock,KRW,100,1,TRUE
029460,케이씨,KRX,kr_stock,KRW,100,1,TRUE
058430,포스코스틸리온,KRX,kr_stock,KRW,100,1,TRUE
072710,농심홀딩스,KRX,kr_stock,KRW,100,1,TRUE
126720,수산인더스트리,KRX,kr_stock,KRW,100,1,TRUE
357120,코람코라이프인프라리츠,KRX,kr_stock,KRW,100,1,TRUE
017810,풀무원,KRX,kr_stock,KRW,100,1,TRUE
009160,SIMPAC,KRX,kr_stock,KRW,100,1,TRUE
344820,KCC글라스,KRX,kr_stock,KRW,100,1,TRUE
060980,HL홀딩스,KRX,kr_stock,KRW,100,1,TRUE
000650,천일고속,KRX,kr_stock,KRW,100,1,TRUE
003720,삼영,KRX,kr_stock,KRW,100,1,TRUE
004700,조광피혁,KRX,kr_stock,KRW,100,1,TRUE
105630,한세실업,KRX,kr_stock,KRW,100,1,TRUE
170900,동아에스티,KRX,kr_stock,KRW,100,1,TRUE
097520,엠씨넥스,KRX,kr_stock,KRW,100,1,TRUE
078520,에이블씨엔씨,KRX,kr_stock,KRW,100,1,TRUE
089590,제주항공,KRX,kr_stock,KRW,100,1,TRUE
417310,코람코더원리츠,KRX,kr_stock,KRW,100,1,TRUE
005610,삼립,KRX,kr_stock,KRW,100,1,TRUE
002810,삼영무역,KRX,kr_stock,KRW,100,1,TRUE
183190,아세아시멘트,KRX,kr_stock,KRW,100,1,TRUE
194370,제이에스코퍼레이션,KRX,kr_stock,KRW,100,1,TRUE
009290,광동제약,KRX,kr_stock,KRW,100,1,TRUE
084010,대한제강,KRX,kr_stock,KRW,100,1,TRUE
034830,한국토지신탁,KRX,kr_stock,KRW,100,1,TRUE
011760,현대코퍼레이션,KRX,kr_stock,KRW,100,1,TRUE
200880,서연이화,KRX,kr_stock,KRW,100,1,TRUE
005720,넥센,KRX,kr_stock,KRW,100,1,TRUE
091810,트리니티항공,KRX,kr_stock,KRW,100,1,TRUE
001390,KG케미칼,KRX,kr_stock,KRW,100,1,TRUE
092220,KEC,KRX,kr_stock,KRW,100,1,TRUE
007690,국도화학,KRX,kr_stock,KRW,100,1,TRUE
128820,대성산업,KRX,kr_stock,KRW,100,1,TRUE
02826K,삼성물산우B,KRX,kr_stock,KRW,100,1,TRUE
001230,동국홀딩스,KRX,kr_stock,KRW,100,1,TRUE
018250,애경산업,KRX,kr_stock,KRW,100,1,TRUE
092230,KPX홀딩스,KRX,kr_stock,KRW,100,1,TRUE
002900,TYM,KRX,kr_stock,KRW,100,1,TRUE
026890,스틱인베스트먼트,KRX,kr_stock,KRW,100,1,TRUE
016800,퍼시스,KRX,kr_stock,KRW,100,1,TRUE
017860,DS단석,KRX,kr_stock,KRW,100,1,TRUE
104700,한국철강,KRX,kr_stock,KRW,100,1,TRUE
001750,한양증권,KRX,kr_stock,KRW,100,1,TRUE
126560,현대퓨처넷,KRX,kr_stock,KRW,100,1,TRUE
108670,LX하우시스,KRX,kr_stock,KRW,100,1,TRUE
024720,콜마홀딩스,KRX,kr_stock,KRW,100,1,TRUE
084690,대상홀딩스,KRX,kr_stock,KRW,100,1,TRUE
001940,KISCO홀딩스,KRX,kr_stock,KRW,100,1,TRUE
005010,휴스틸,KRX,kr_stock,KRW,100,1,TRUE
002310,아세아제지,KRX,kr_stock,KRW,100,1,TRUE
011500,한농화성,KRX,kr_stock,KRW,100,1,TRUE
286940,롯데이노베이트,KRX,kr_stock,KRW,100,1,TRUE
272450,진에어,KRX,kr_stock,KRW,100,1,TRUE
001250,GS글로벌,KRX,kr_stock,KRW,100,1,TRUE
900140,엘브이엠씨홀딩스,KRX,kr_stock,KRW,100,1,TRUE
033270,유나이티드제약,KRX,kr_stock,KRW,100,1,TRUE
005500,삼진제약,KRX,kr_stock,KRW,100,1,TRUE
003920,남양유업,KRX,kr_stock,KRW,100,1,TRUE
092200,디아이씨,KRX,kr_stock,KRW,100,1,TRUE
017390,서울가스,KRX,kr_stock,KRW,100,1,TRUE
000490,대동,KRX,kr_stock,KRW,100,1,TRUE
000680,LS네트웍스,KRX,kr_stock,KRW,100,1,TRUE
006805,미래에셋증권우,KRX,kr_stock,KRW,100,1,TRUE
004430,송원산업,KRX,kr_stock,KRW,100,1,TRUE
096760,JW홀딩스,KRX,kr_stock,KRW,100,1,TRUE
037270,YG PLUS,KRX,kr_stock,KRW,100,1,TRUE
123890,한국자산신탁,KRX,kr_stock,KRW,100,1,TRUE
037710,광주신세계,KRX,kr_stock,KRW,100,1,TRUE
001460,BYC,KRX,kr_stock,KRW,100,1,TRUE
002320,한진,KRX,kr_stock,KRW,100,1,TRUE
475560,더본코리아,KRX,kr_stock,KRW,100,1,TRUE
003520,영진약품,KRX,kr_stock,KRW,100,1,TRUE
004360,세방,KRX,kr_stock,KRW,100,1,TRUE
005680,삼영전자,KRX,kr_stock,KRW,100,1,TRUE
003200,일신방직,KRX,kr_stock,KRW,100,1,TRUE
012200,계양전기,KRX,kr_stock,KRW,100,1,TRUE
334890,이지스밸류플러스리츠,KRX,kr_stock,KRW,100,1,TRUE
003960,사조대림,KRX,kr_stock,KRW,100,1,TRUE
001780,알루코,KRX,kr_stock,KRW,100,1,TRUE
003070,코오롱글로벌,KRX,kr_stock,KRW,100,1,TRUE
001340,PKC,KRX,kr_stock,KRW,100,1,TRUE
088260,이리츠코크렙,KRX,kr_stock,KRW,100,1,TRUE
034120,SBS,KRX,kr_stock,KRW,100,1,TRUE
136490,선진,KRX,kr_stock,KRW,100,1,TRUE
003120,일성아이에스,KRX,kr_stock,KRW,100,1,TRUE
035510,신세계 I&C,KRX,kr_stock,KRW,100,1,TRUE
134380,미원화학,KRX,kr_stock,KRW,100,1,TRUE
000320,노루홀딩스,KRX,kr_stock,KRW,100,1,TRUE
005950,이수화학,KRX,kr_stock,KRW,100,1,TRUE
053690,한미글로벌,KRX,kr_stock,KRW,100,1,TRUE
000540,흥국화재,KRX,kr_stock,KRW,100,1,TRUE
226320,잇츠한불,KRX,kr_stock,KRW,100,1,TRUE
000050,경방,KRX,kr_stock,KRW,100,1,TRUE
011690,와이투솔루션,KRX,kr_stock,KRW,100,1,TRUE
004380,삼익THK,KRX,kr_stock,KRW,100,1,TRUE
241590,화승엔터프라이즈,KRX,kr_stock,KRW,100,1,TRUE
044450,KSS해운,KRX,kr_stock,KRW,100,1,TRUE
001130,대한제분,KRX,kr_stock,KRW,100,1,TRUE
000430,대원강업,KRX,kr_stock,KRW,100,1,TRUE
008350,남선알미늄,KRX,kr_stock,KRW,100,1,TRUE
030210,다올투자증권,KRX,kr_stock,KRW,100,1,TRUE
009470,삼화전기,KRX,kr_stock,KRW,100,1,TRUE
004560,현대비앤지스틸,KRX,kr_stock,KRW,100,1,TRUE
007160,사조산업,KRX,kr_stock,KRW,100,1,TRUE
432320,KB스타리츠,KRX,kr_stock,KRW,100,1,TRUE
001790,대한제당,KRX,kr_stock,KRW,100,1,TRUE
013890,지누스,KRX,kr_stock,KRW,100,1,TRUE
0030R0,대신밸류리츠,KRX,kr_stock,KRW,100,1,TRUE
004310,현대약품,KRX,kr_stock,KRW,100,1,TRUE
004980,성신양회,KRX,kr_stock,KRW,100,1,TRUE
122900,아이마켓코리아,KRX,kr_stock,KRW,100,1,TRUE
377190,디앤디플랫폼리츠,KRX,kr_stock,KRW,100,1,TRUE
033920,무학,KRX,kr_stock,KRW,100,1,TRUE
084680,이월드,KRX,kr_stock,KRW,100,1,TRUE
051905,LG생활건강우,KRX,kr_stock,KRW,100,1,TRUE
404990,신한서부티엔디리츠,KRX,kr_stock,KRW,100,1,TRUE
244920,에이플러스에셋,KRX,kr_stock,KRW,100,1,TRUE
001630,종근당홀딩스,KRX,kr_stock,KRW,100,1,TRUE
035150,백산,KRX,kr_stock,KRW,100,1,TRUE
348950,제이알글로벌리츠,KRX,kr_stock,KRW,100,1,TRUE
010580,에스엠벡셀,KRX,kr_stock,KRW,100,1,TRUE
210980,SK디앤디,KRX,kr_stock,KRW,100,1,TRUE
298690,에어부산,KRX,kr_stock,KRW,100,1,TRUE
010955,S-Oil우,KRX,kr_stock,KRW,100,1,TRUE
009680,모토닉,KRX,kr_stock,KRW,100,1,TRUE
005430,한국공항,KRX,kr_stock,KRW,100,1,TRUE
001080,만호제강,KRX,kr_stock,KRW,100,1,TRUE
008490,서흥,KRX,kr_stock,KRW,100,1,TRUE
003555,LG우,KRX,kr_stock,KRW,100,1,TRUE
117580,대성에너지,KRX,kr_stock,KRW,100,1,TRUE
025000,KPX케미칼,KRX,kr_stock,KRW,100,1,TRUE
003350,한국화장품제조,KRX,kr_stock,KRW,100,1,TRUE
000480,CR홀딩스,KRX,kr_stock,KRW,100,1,TRUE
013580,계룡건설,KRX,kr_stock,KRW,100,1,TRUE
012610,경인양행,KRX,kr_stock,KRW,100,1,TRUE
487570,HS효성,KRX,kr_stock,KRW,100,1,TRUE
000390,SP삼화,KRX,kr_stock,KRW,100,1,TRUE
003220,대원제약,KRX,kr_stock,KRW,100,1,TRUE
028100,동아지질,KRX,kr_stock,KRW,100,1,TRUE
031440,신세계푸드,KRX,kr_stock,KRW,100,1,TRUE
025820,이구산업,KRX,kr_stock,KRW,100,1,TRUE
053210,스카이라이프,KRX,kr_stock,KRW,100,1,TRUE
033530,SJG세종,KRX,kr_stock,KRW,100,1,TRUE
007860,서연,KRX,kr_stock,KRW,100,1,TRUE
03473K,SK우,KRX,kr_stock,KRW,100,1,TRUE
102260,동성케미컬,KRX,kr_stock,KRW,100,1,TRUE
016580,환인제약,KRX,kr_stock,KRW,100,1,TRUE
002150,도화엔지니어링,KRX,kr_stock,KRW,100,1,TRUE
102460,이연제약,KRX,kr_stock,KRW,100,1,TRUE
003650,미창석유,KRX,kr_stock,KRW,100,1,TRUE
007610,선도전기,KRX,kr_stock,KRW,100,1,TRUE
095570,AJ네트웍스,KRX,kr_stock,KRW,100,1,TRUE
000140,하이트진로홀딩스,KRX,kr_stock,KRW,100,1,TRUE
003547,대신증권2우B,KRX,kr_stock,KRW,100,1,TRUE
271980,제일약품,KRX,kr_stock,KRW,100,1,TRUE
339770,교촌에프앤비,KRX,kr_stock,KRW,100,1,TRUE
039570,HDC랩스,KRX,kr_stock,KRW,100,1,TRUE
044820,코스맥스비티아이,KRX,kr_stock,KRW,100,1,TRUE
000860,강남제비스코,KRX,kr_stock,KRW,100,1,TRUE
016880,웅진,KRX,kr_stock,KRW,100,1,TRUE
001045,CJ우,KRX,kr_stock,KRW,100,1,TRUE
234080,JW생명과학,KRX,kr_stock,KRW,100,1,TRUE
018470,조일알미늄,KRX,kr_stock,KRW,100,1,TRUE
101530,해태제과식품,KRX,kr_stock,KRW,100,1,TRUE
003610,방림,KRX,kr_stock,KRW,100,1,TRUE
100250,진양홀딩스,KRX,kr_stock,KRW,100,1,TRUE
003460,유화증권,KRX,kr_stock,KRW,100,1,TRUE
002100,경농,KRX,kr_stock,KRW,100,1,TRUE
005960,동부건설,KRX,kr_stock,KRW,100,1,TRUE
007570,일양약품,KRX,kr_stock,KRW,100,1,TRUE
015230,대창단조,KRX,kr_stock,KRW,100,1,TRUE
081000,일진다이아,KRX,kr_stock,KRW,100,1,TRUE
000520,삼일제약,KRX,kr_stock,KRW,100,1,TRUE
460850,동국씨엠,KRX,kr_stock,KRW,100,1,TRUE
017550,수산세보틱스,KRX,kr_stock,KRW,100,1,TRUE
004090,한국석유,KRX,kr_stock,KRW,100,1,TRUE
011785,금호석유화학우,KRX,kr_stock,KRW,100,1,TRUE
006060,화승인더,KRX,kr_stock,KRW,100,1,TRUE
097955,CJ제일제당 우,KRX,kr_stock,KRW,100,1,TRUE
002170,SYTS,KRX,kr_stock,KRW,100,1,TRUE
213500,한솔제지,KRX,kr_stock,KRW,100,1,TRUE
293480,하나제약,KRX,kr_stock,KRW,100,1,TRUE
016450,한세예스24홀딩스,KRX,kr_stock,KRW,100,1,TRUE
214420,토니모리,KRX,kr_stock,KRW,100,1,TRUE
000300,DH오토넥스,KRX,kr_stock,KRW,100,1,TRUE
462520,조선내화,KRX,kr_stock,KRW,100,1,TRUE
002990,금호건설,KRX,kr_stock,KRW,100,1,TRUE
002780,진흥기업,KRX,kr_stock,KRW,100,1,TRUE
400760,NH올원리츠,KRX,kr_stock,KRW,100,1,TRUE
004960,한신공영,KRX,kr_stock,KRW,100,1,TRUE
037560,LG헬로비전,KRX,kr_stock,KRW,100,1,TRUE
071840,롯데하이마트,KRX,kr_stock,KRW,100,1,TRUE
077500,유니퀘스트,KRX,kr_stock,KRW,100,1,TRUE
317400,자이에스앤디,KRX,kr_stock,KRW,100,1,TRUE
000020,동화약품,KRX,kr_stock,KRW,100,1,TRUE
001520,동양,KRX,kr_stock,KRW,100,1,TRUE
008970,KBI동양철관,KRX,kr_stock,KRW,100,1,TRUE
013520,화승코퍼레이션,KRX,kr_stock,KRW,100,1,TRUE
001360,삼성제약,KRX,kr_stock,KRW,100,1,TRUE
003480,한진중공업홀딩스,KRX,kr_stock,KRW,100,1,TRUE
090350,노루페인트,KRX,kr_stock,KRW,100,1,TRUE
009070,KCTC,KRX,kr_stock,KRW,100,1,TRUE
012800,대창,KRX,kr_stock,KRW,100,1,TRUE
00279K,아모레퍼시픽홀딩스3우C,KRX,kr_stock,KRW,100,1,TRUE
084670,동양고속,KRX,kr_stock,KRW,100,1,TRUE
272550,삼양패키징,KRX,kr_stock,KRW,100,1,TRUE
089470,HDC현대EP,KRX,kr_stock,KRW,100,1,TRUE
000970,한국주철관,KRX,kr_stock,KRW,100,1,TRUE
009580,무림P&P,KRX,kr_stock,KRW,100,1,TRUE
003830,대한화섬,KRX,kr_stock,KRW,100,1,TRUE
210540,디와이파워,KRX,kr_stock,KRW,100,1,TRUE
33626K,두산퓨얼셀1우,KRX,kr_stock,KRW,100,1,TRUE
004150,한솔홀딩스,KRX,kr_stock,KRW,100,1,TRUE
000700,유수홀딩스,KRX,kr_stock,KRW,100,1,TRUE
014280,금강공업,KRX,kr_stock,KRW,100,1,TRUE
214390,경보제약,KRX,kr_stock,KRW,100,1,TRUE
010100,한국무브넥스,KRX,kr_stock,KRW,100,1,TRUE
004970,신라교역,KRX,kr_stock,KRW,100,1,TRUE
008040,사조동아원,KRX,kr_stock,KRW,100,1,TRUE
298000,효성화학,KRX,kr_stock,KRW,100,1,TRUE
094280,효성ITX,KRX,kr_stock,KRW,100,1,TRUE
021820,세원정공,KRX,kr_stock,KRW,100,1,TRUE
079430,현대리바트,KRX,kr_stock,KRW,100,1,TRUE
019180,티에이치엔,KRX,kr_stock,KRW,100,1,TRUE
007540,샘표,KRX,kr_stock,KRW,100,1,TRUE
009270,신원,KRX,kr_stock,KRW,100,1,TRUE
012320,경동인베스트,KRX,kr_stock,KRW,100,1,TRUE
078000,텔코웨어,KRX,kr_stock,KRW,100,1,TRUE
015890,태경산업,KRX,kr_stock,KRW,100,1,TRUE
024090,디씨엠,KRX,kr_stock,KRW,100,1,TRUE
070960,모나용평,KRX,kr_stock,KRW,100,1,TRUE
002620,제일파마홀딩스,KRX,kr_stock,KRW,100,1,TRUE
020120,키다리스튜디오,KRX,kr_stock,KRW,100,1,TRUE
016740,두올,KRX,kr_stock,KRW,100,1,TRUE
002460,HS화성,KRX,kr_stock,KRW,100,1,TRUE
123690,한국화장품,KRX,kr_stock,KRW,100,1,TRUE
107590,미원홀딩스,KRX,kr_stock,KRW,100,1,TRUE
025620,차AI헬스케어,KRX,kr_stock,KRW,100,1,TRUE
011280,태림포장,KRX,kr_stock,KRW,100,1,TRUE
027970,한국제지,KRX,kr_stock,KRW,100,1,TRUE
005800,신영와코루,KRX,kr_stock,KRW,100,1,TRUE
016710,대성홀딩스,KRX,kr_stock,KRW,100,1,TRUE
083420,그린케미칼,KRX,kr_stock,KRW,100,1,TRUE
139990,아주스틸,KRX,kr_stock,KRW,100,1,TRUE
363280,티와이홀딩스,KRX,kr_stock,KRW,100,1,TRUE
350520,이지스레지던스리츠,KRX,kr_stock,KRW,100,1,TRUE
002390,한독,KRX,kr_stock,KRW,100,1,TRUE
011700,한신기계,KRX,kr_stock,KRW,100,1,TRUE
095720,웅진씽크빅,KRX,kr_stock,KRW,100,1,TRUE
267290,경동도시가스,KRX,kr_stock,KRW,100,1,TRUE
004080,신흥,KRX,kr_stock,KRW,100,1,TRUE
001290,상상인증권,KRX,kr_stock,KRW,100,1,TRUE
004250,NPC,KRX,kr_stock,KRW,100,1,TRUE
014710,사조씨푸드,KRX,kr_stock,KRW,100,1,TRUE
002220,한일철강,KRX,kr_stock,KRW,100,1,TRUE
023800,인지컨트롤스,KRX,kr_stock,KRW,100,1,TRUE
013570,디와이,KRX,kr_stock,KRW,100,1,TRUE
067830,세이브존I&C,KRX,kr_stock,KRW,100,1,TRUE
014530,극동유화,KRX,kr_stock,KRW,100,1,TRUE
014580,태경비케이,KRX,kr_stock,KRW,100,1,TRUE
007460,에이프로젠,KRX,kr_stock,KRW,100,1,TRUE
035000,HS애드,KRX,kr_stock,KRW,100,1,TRUE
007210,벽산,KRX,kr_stock,KRW,100,1,TRUE
015590,DKME,KRX,kr_stock,KRW,100,1,TRUE
002450,삼익악기,KRX,kr_stock,KRW,100,1,TRUE
004140,동방,KRX,kr_stock,KRW,100,1,TRUE
001020,페이퍼코리아,KRX,kr_stock,KRW,100,1,TRUE
036580,팜스코,KRX,kr_stock,KRW,100,1,TRUE
267850,아시아나IDT,KRX,kr_stock,KRW,100,1,TRUE
120030,조선선재,KRX,kr_stock,KRW,100,1,TRUE
227840,현대코퍼레이션홀딩스,KRX,kr_stock,KRW,100,1,TRUE
248170,샘표식품,KRX,kr_stock,KRW,100,1,TRUE
034590,인천도시가스,KRX,kr_stock,KRW,100,1,TRUE
005870,휴니드,KRX,kr_stock,KRW,100,1,TRUE
014790,HL D&I,KRX,kr_stock,KRW,100,1,TRUE
014160,대영포장,KRX,kr_stock,KRW,100,1,TRUE
007110,일신석재,KRX,kr_stock,KRW,100,1,TRUE
019680,대교,KRX,kr_stock,KRW,100,1,TRUE
025560,미래산업,KRX,kr_stock,KRW,100,1,TRUE
011810,STX,KRX,kr_stock,KRW,100,1,TRUE
058850,KTcs,KRX,kr_stock,KRW,100,1,TRUE
005740,크라운해태홀딩스,KRX,kr_stock,KRW,100,1,TRUE
264900,크라운제과,KRX,kr_stock,KRW,100,1,TRUE
008260,NI스틸,KRX,kr_stock,KRW,100,1,TRUE
37550L,DL이앤씨2우(전환),KRX,kr_stock,KRW,100,1,TRUE
017370,우신시스템,KRX,kr_stock,KRW,100,1,TRUE
036420,콘텐트리중앙,KRX,kr_stock,KRW,100,1,TRUE
006840,AK홀딩스,KRX,kr_stock,KRW,100,1,TRUE
023450,동남합성,KRX,kr_stock,KRW,100,1,TRUE
008700,아남전자,KRX,kr_stock,KRW,100,1,TRUE
006660,삼성공조,KRX,kr_stock,KRW,100,1,TRUE
001275,부국증권우,KRX,kr_stock,KRW,100,1,TRUE
063160,종근당바이오,KRX,kr_stock,KRW,100,1,TRUE
002200,한국수출포장,KRX,kr_stock,KRW,100,1,TRUE
078935,GS우,KRX,kr_stock,KRW,100,1,TRUE
119650,KC코트렐,KRX,kr_stock,KRW,100,1,TRUE
032560,황금에스티,KRX,kr_stock,KRW,100,1,TRUE
079980,휴비스,KRX,kr_stock,KRW,100,1,TRUE
004100,태양금속,KRX,kr_stock,KRW,100,1,TRUE
003580,HLB글로벌,KRX,kr_stock,KRW,100,1,TRUE
002700,신일전자,KRX,kr_stock,KRW,100,1,TRUE
010660,화천기계,KRX,kr_stock,KRW,100,1,TRUE
000230,일동홀딩스,KRX,kr_stock,KRW,100,1,TRUE
058860,KTis,KRX,kr_stock,KRW,100,1,TRUE
163560,동일고무벨트,KRX,kr_stock,KRW,100,1,TRUE
004840,DRB동일,KRX,kr_stock,KRW,100,1,TRUE
014440,영보화학,KRX,kr_stock,KRW,100,1,TRUE
006890,태경케미컬,KRX,kr_stock,KRW,100,1,TRUE
002210,동성제약,KRX,kr_stock,KRW,100,1,TRUE
031820,아이티센씨티에스,KRX,kr_stock,KRW,100,1,TRUE
007980,TP,KRX,kr_stock,KRW,100,1,TRUE
023000,삼원강재,KRX,kr_stock,KRW,100,1,TRUE
096775,SK이노베이션우,KRX,kr_stock,KRW,100,1,TRUE
011000,진원생명과학,KRX,kr_stock,KRW,100,1,TRUE
35320K,대덕전자1우,KRX,kr_stock,KRW,100,1,TRUE
002720,국제약품,KRX,kr_stock,KRW,100,1,TRUE
109070,주성코퍼레이션,KRX,kr_stock,KRW,100,1,TRUE
011150,CJ씨푸드,KRX,kr_stock,KRW,100,1,TRUE
013360,일성건설,KRX,kr_stock,KRW,100,1,TRUE
004890,동일산업,KRX,kr_stock,KRW,100,1,TRUE
000590,CS홀딩스,KRX,kr_stock,KRW,100,1,TRUE
010960,삼호개발,KRX,kr_stock,KRW,100,1,TRUE
005750,대림바스,KRX,kr_stock,KRW,100,1,TRUE
000105,유한양행우,KRX,kr_stock,KRW,100,1,TRUE
000180,성창기업지주,KRX,kr_stock,KRW,100,1,TRUE
002600,조흥,KRX,kr_stock,KRW,100,1,TRUE
001260,남광토건,KRX,kr_stock,KRW,100,1,TRUE
009180,한솔로지스틱스,KRX,kr_stock,KRW,100,1,TRUE
085310,엔케이,KRX,kr_stock,KRW,100,1,TRUE
013870,지엠비코리아,KRX,kr_stock,KRW,100,1,TRUE
338100,NH프라임리츠,KRX,kr_stock,KRW,100,1,TRUE
004720,팜젠사이언스,KRX,kr_stock,KRW,100,1,TRUE
055490,테이팩스,KRX,kr_stock,KRW,100,1,TRUE
004440,삼일씨엔에스,KRX,kr_stock,KRW,100,1,TRUE
018500,동원금속,KRX,kr_stock,KRW,100,1,TRUE
001560,제일연마,KRX,kr_stock,KRW,100,1,TRUE
003010,혜인,KRX,kr_stock,KRW,100,1,TRUE
214330,금호에이치티,KRX,kr_stock,KRW,100,1,TRUE
071090,하이스틸,KRX,kr_stock,KRW,100,1,TRUE
111380,동인기연,KRX,kr_stock,KRW,100,1,TRUE
007590,동방아그로,KRX,kr_stock,KRW,100,1,TRUE
480370,씨케이솔루션,KRX,kr_stock,KRW,100,1,TRUE
012690,모나리자,KRX,kr_stock,KRW,100,1,TRUE
100220,비상교육,KRX,kr_stock,KRW,100,1,TRUE
023810,인팩,KRX,kr_stock,KRW,100,1,TRUE
001470,삼부토건,KRX,kr_stock,KRW,100,1,TRUE
120115,코오롱인더우,KRX,kr_stock,KRW,100,1,TRUE
007280,한국특강,KRX,kr_stock,KRW,100,1,TRUE
068290,삼성출판사,KRX,kr_stock,KRW,100,1,TRUE
004060,SG세계물산,KRX,kr_stock,KRW,100,1,TRUE
009200,무림페이퍼,KRX,kr_stock,KRW,100,1,TRUE
016090,대현,KRX,kr_stock,KRW,100,1,TRUE
006090,사조오양,KRX,kr_stock,KRW,100,1,TRUE
021050,서원,KRX,kr_stock,KRW,100,1,TRUE
006880,신송홀딩스,KRX,kr_stock,KRW,100,1,TRUE
000850,화천기공,KRX,kr_stock,KRW,100,1,TRUE
047400,유니온머티리얼,KRX,kr_stock,KRW,100,1,TRUE
069730,DSR제강,KRX,kr_stock,KRW,100,1,TRUE
013700,까뮤이앤씨,KRX,kr_stock,KRW,100,1,TRUE
000725,현대건설우,KRX,kr_stock,KRW,100,1,TRUE
009770,삼정펄프,KRX,kr_stock,KRW,100,1,TRUE
010040,한국내화,KRX,kr_stock,KRW,100,1,TRUE
014910,성문전자,KRX,kr_stock,KRW,100,1,TRUE
002795,아모레퍼시픽홀딩스우,KRX,kr_stock,KRW,100,1,TRUE
003780,진양산업,KRX,kr_stock,KRW,100,1,TRUE
003925,남양유업우,KRX,kr_stock,KRW,100,1,TRUE
001620,케이비아이동국실업,KRX,kr_stock,KRW,100,1,TRUE
011390,부산산업,KRX,kr_stock,KRW,100,1,TRUE
378850,화승알앤에이,KRX,kr_stock,KRW,100,1,TRUE
001465,BYC우,KRX,kr_stock,KRW,100,1,TRUE
111110,호전실업,KRX,kr_stock,KRW,100,1,TRUE
004540,깨끗한나라,KRX,kr_stock,KRW,100,1,TRUE
001550,조비,KRX,kr_stock,KRW,100,1,TRUE
009835,한화솔루션우,KRX,kr_stock,KRW,100,1,TRUE
101140,인바이오젠,KRX,kr_stock,KRW,100,1,TRUE
006980,우성,KRX,kr_stock,KRW,100,1,TRUE
000220,유유제약,KRX,kr_stock,KRW,100,1,TRUE
024900,디와이덕양,KRX,kr_stock,KRW,100,1,TRUE
007815,코리아써우,KRX,kr_stock,KRW,100,1,TRUE
000910,유니온,KRX,kr_stock,KRW,100,1,TRUE
129260,인터지스,KRX,kr_stock,KRW,100,1,TRUE
396690,미래에셋글로벌리츠,KRX,kr_stock,KRW,100,1,TRUE
003060,에이프로젠바이오로직스,KRX,kr_stock,KRW,100,1,TRUE
092780,DYP,KRX,kr_stock,KRW,100,1,TRUE
155660,DSR,KRX,kr_stock,KRW,100,1,TRUE
004830,덕성,KRX,kr_stock,KRW,100,1,TRUE
058730,다스코,KRX,kr_stock,KRW,100,1,TRUE
372910,한컴라이프케어,KRX,kr_stock,KRW,100,1,TRUE
092440,기신정기,KRX,kr_stock,KRW,100,1,TRUE
002760,보락,KRX,kr_stock,KRW,100,1,TRUE
002140,고려산업,KRX,kr_stock,KRW,100,1,TRUE
004410,서울식품,KRX,kr_stock,KRW,100,1,TRUE
005305,롯데칠성우,KRX,kr_stock,KRW,100,1,TRUE
004770,써니전자,KRX,kr_stock,KRW,100,1,TRUE
072130,유엔젤,KRX,kr_stock,KRW,100,1,TRUE
009190,대양금속,KRX,kr_stock,KRW,100,1,TRUE
010770,평화홀딩스,KRX,kr_stock,KRW,100,1,TRUE
006490,인스코비,KRX,kr_stock,KRW,100,1,TRUE
003475,유안타증권우,KRX,kr_stock,KRW,100,1,TRUE
004450,삼화왕관,KRX,kr_stock,KRW,100,1,TRUE
003465,유화증권우,KRX,kr_stock,KRW,100,1,TRUE
002630,오리엔트바이오,KRX,kr_stock,KRW,100,1,TRUE
123700,SJM,KRX,kr_stock,KRW,100,1,TRUE
000890,보해양조,KRX,kr_stock,KRW,100,1,TRUE
041650,상신브레이크,KRX,kr_stock,KRW,100,1,TRUE
075180,새론오토모티브,KRX,kr_stock,KRW,100,1,TRUE
004920,씨아이테크,KRX,kr_stock,KRW,100,1,TRUE
37550K,DL이앤씨우,KRX,kr_stock,KRW,100,1,TRUE
017180,명문제약,KRX,kr_stock,KRW,100,1,TRUE
025530,SJM홀딩스,KRX,kr_stock,KRW,100,1,TRUE
023350,한국종합기술,KRX,kr_stock,KRW,100,1,TRUE
357250,미래에셋맵스리츠,KRX,kr_stock,KRW,100,1,TRUE
28513K,SK케미칼우,KRX,kr_stock,KRW,100,1,TRUE
006345,대원전선우,KRX,kr_stock,KRW,100,1,TRUE
006370,대구백화점,KRX,kr_stock,KRW,100,1,TRUE
090080,평화산업,KRX,kr_stock,KRW,100,1,TRUE
004910,조광페인트,KRX,kr_stock,KRW,100,1,TRUE
002410,범양건영,KRX,kr_stock,KRW,100,1,TRUE
093240,형지엘리트,KRX,kr_stock,KRW,100,1,TRUE
009320,아진전자부품,KRX,kr_stock,KRW,100,1,TRUE
011330,유니켐,KRX,kr_stock,KRW,100,1,TRUE
012280,영화금속,KRX,kr_stock,KRW,100,1,TRUE
027740,마니커,KRX,kr_stock,KRW,100,1,TRUE
008420,문배철강,KRX,kr_stock,KRW,100,1,TRUE
001210,금호전기,KRX,kr_stock,KRW,100,1,TRUE
020760,일진디스플,KRX,kr_stock,KRW,100,1,TRUE
049800,우진플라임,KRX,kr_stock,KRW,100,1,TRUE
000950,전방,KRX,kr_stock,KRW,100,1,TRUE
006125,SK디스커버리우,KRX,kr_stock,KRW,100,1,TRUE
133820,화인베스틸,KRX,kr_stock,KRW,100,1,TRUE
026940,부국철강,KRX,kr_stock,KRW,100,1,TRUE
011420,갤럭시아에스엠,KRX,kr_stock,KRW,100,1,TRUE
003080,SB성보,KRX,kr_stock,KRW,100,1,TRUE
014990,인디에프,KRX,kr_stock,KRW,100,1,TRUE
002920,유성기업,KRX,kr_stock,KRW,100,1,TRUE
011300,우성머티리얼스,KRX,kr_stock,KRW,100,1,TRUE
069460,대호에이엘,KRX,kr_stock,KRW,100,1,TRUE
023960,에쓰씨엔지니어링,KRX,kr_stock,KRW,100,1,TRUE
012160,영흥,KRX,kr_stock,KRW,100,1,TRUE
005030,부산주공,KRX,kr_stock,KRW,100,1,TRUE
000215,DL우,KRX,kr_stock,KRW,100,1,TRUE
007120,미래아이앤지,KRX,kr_stock,KRW,100,1,TRUE
074610,이엔플러스,KRX,kr_stock,KRW,100,1,TRUE
051630,진양화학,KRX,kr_stock,KRW,100,1,TRUE
008870,금비,KRX,kr_stock,KRW,100,1,TRUE
009140,경인전자,KRX,kr_stock,KRW,100,1,TRUE
013000,세우글로벌,KRX,kr_stock,KRW,100,1,TRUE
011230,삼화전자,KRX,kr_stock,KRW,100,1,TRUE
481850,신한글로벌액티브리츠,KRX,kr_stock,KRW,100,1,TRUE
002870,신풍,KRX,kr_stock,KRW,100,1,TRUE
308170,씨티알모빌리티,KRX,kr_stock,KRW,100,1,TRUE
000760,이화산업,KRX,kr_stock,KRW,100,1,TRUE
084870,TBH글로벌,KRX,kr_stock,KRW,100,1,TRUE
002880,디와이에이,KRX,kr_stock,KRW,100,1,TRUE
003535,한화투자증권우,KRX,kr_stock,KRW,100,1,TRUE
019490,엑시큐어하이트론,KRX,kr_stock,KRW,100,1,TRUE
017040,광명전기,KRX,kr_stock,KRW,100,1,TRUE
145270,케이탑리츠,KRX,kr_stock,KRW,100,1,TRUE
005320,온타이드,KRX,kr_stock,KRW,100,1,TRUE
001380,SG글로벌,KRX,kr_stock,KRW,100,1,TRUE
002360,SH에너지화학,KRX,kr_stock,KRW,100,1,TRUE
025750,한솔홈데코,KRX,kr_stock,KRW,100,1,TRUE
008250,이건산업,KRX,kr_stock,KRW,100,1,TRUE
019175,신풍제약우,KRX,kr_stock,KRW,100,1,TRUE
002025,코오롱우,KRX,kr_stock,KRW,100,1,TRUE
33637K,솔루스첨단소재1우,KRX,kr_stock,KRW,100,1,TRUE
004365,세방우,KRX,kr_stock,KRW,100,1,TRUE
010640,진양폴리,KRX,kr_stock,KRW,100,1,TRUE
006200,한국전자홀딩스,KRX,kr_stock,KRW,100,1,TRUE
024890,대원화성,KRX,kr_stock,KRW,100,1,TRUE
33626L,두산퓨얼셀2우B,KRX,kr_stock,KRW,100,1,TRUE
005820,원림,KRX,kr_stock,KRW,100,1,TRUE
134790,시디즈,KRX,kr_stock,KRW,100,1,TRUE
009810,플레이그램,KRX,kr_stock,KRW,100,1,TRUE
118000,메타케어,KRX,kr_stock,KRW,100,1,TRUE
001070,대한방직,KRX,kr_stock,KRW,100,1,TRUE
090370,메타랩스,KRX,kr_stock,KRW,100,1,TRUE
000040,KR모터스,KRX,kr_stock,KRW,100,1,TRUE
024070,WISCOM,KRX,kr_stock,KRW,100,1,TRUE
006740,블루산업개발,KRX,kr_stock,KRW,100,1,TRUE
357430,마스턴프리미어리츠,KRX,kr_stock,KRW,100,1,TRUE
009460,한창제지,KRX,kr_stock,KRW,100,1,TRUE
002690,동일제강,KRX,kr_stock,KRW,100,1,TRUE
014130,한익스프레스,KRX,kr_stock,KRW,100,1,TRUE
003680,한성기업,KRX,kr_stock,KRW,100,1,TRUE
010400,우진아이엔에스,KRX,kr_stock,KRW,100,1,TRUE
002420,세기상사,KRX,kr_stock,KRW,100,1,TRUE
015260,에이엔피,KRX,kr_stock,KRW,100,1,TRUE
023150,MH에탄올,KRX,kr_stock,KRW,100,1,TRUE
088790,진도,KRX,kr_stock,KRW,100,1,TRUE
008775,호텔신라우,KRX,kr_stock,KRW,100,1,TRUE
030720,동원수산,KRX,kr_stock,KRW,100,1,TRUE
006570,대림통상,KRX,kr_stock,KRW,100,1,TRUE
446070,유니드비티플러스,KRX,kr_stock,KRW,100,1,TRUE
002820,SUN&L,KRX,kr_stock,KRW,100,1,TRUE
005360,모나미,KRX,kr_stock,KRW,100,1,TRUE
465770,STX그린로지스,KRX,kr_stock,KRW,100,1,TRUE
069640,한세엠케이,KRX,kr_stock,KRW,100,1,TRUE
033250,체시스,KRX,kr_stock,KRW,100,1,TRUE
044380,주연테크,KRX,kr_stock,KRW,100,1,TRUE
002355,넥센타이어1우B,KRX,kr_stock,KRW,100,1,TRUE
004870,티웨이홀딩스,KRX,kr_stock,KRW,100,1,TRUE
005110,한창,KRX,kr_stock,KRW,100,1,TRUE
003495,대한항공우,KRX,kr_stock,KRW,100,1,TRUE
004270,남성,KRX,kr_stock,KRW,100,1,TRUE
143210,핸즈코퍼레이션,KRX,kr_stock,KRW,100,1,TRUE
002070,비비안,KRX,kr_stock,KRW,100,1,TRUE
011090,에넥스,KRX,kr_stock,KRW,100,1,TRUE
025890,한국주강,KRX,kr_stock,KRW,100,1,TRUE
009310,참엔지니어링,KRX,kr_stock,KRW,100,1,TRUE
001420,태원물산,KRX,kr_stock,KRW,100,1,TRUE
00499K,롯데지주우,KRX,kr_stock,KRW,100,1,TRUE
005257,녹십자홀딩스2우,KRX,kr_stock,KRW,100,1,TRUE
001685,대상우,KRX,kr_stock,KRW,100,1,TRUE
012170,아센디오,KRX,kr_stock,KRW,100,1,TRUE
45226K,한화갤러리아우,KRX,kr_stock,KRW,100,1,TRUE
012205,계양전기우,KRX,kr_stock,KRW,100,1,TRUE
001770,SHD,KRX,kr_stock,KRW,100,1,TRUE
015020,이스타코,KRX,kr_stock,KRW,100,1,TRUE
071950,코아스,KRX,kr_stock,KRW,100,1,TRUE
019685,대교우B,KRX,kr_stock,KRW,100,1,TRUE
108675,LX하우시스우,KRX,kr_stock,KRW,100,1,TRUE
008600,윌비스,KRX,kr_stock,KRW,100,1,TRUE
009440,KC그린홀딩스,KRX,kr_stock,KRW,100,1,TRUE
18064K,한진칼우,KRX,kr_stock,KRW,100,1,TRUE
001515,SK증권우,KRX,kr_stock,KRW,100,1,TRUE
005725,넥센우,KRX,kr_stock,KRW,100,1,TRUE
204210,스타에스엠리츠,KRX,kr_stock,KRW,100,1,TRUE
00781K,코리아써키트2우B,KRX,kr_stock,KRW,100,1,TRUE
00806K,대덕1우,KRX,kr_stock,KRW,100,1,TRUE
000087,하이트진로2우B,KRX,kr_stock,KRW,100,1,TRUE
001795,대한제당우,KRX,kr_stock,KRW,100,1,TRUE
008500,일정실업,KRX,kr_stock,KRW,100,1,TRUE
001755,한양증권우,KRX,kr_stock,KRW,100,1,TRUE
140910,에이리츠,KRX,kr_stock,KRW,100,1,TRUE
33637L,솔루스첨단소재2우B,KRX,kr_stock,KRW,100,1,TRUE
084695,대상홀딩스우,KRX,kr_stock,KRW,100,1,TRUE
004255,NPC우,KRX,kr_stock,KRW,100,1,TRUE
38380K,LX홀딩스1우,KRX,kr_stock,KRW,100,1,TRUE
004105,태양금속우,KRX,kr_stock,KRW,100,1,TRUE
145995,삼양사우,KRX,kr_stock,KRW,100,1,TRUE
001067,JW중외제약2우B,KRX,kr_stock,KRW,100,1,TRUE
003075,코오롱글로벌우,KRX,kr_stock,KRW,100,1,TRUE
000225,유유제약1우,KRX,kr_stock,KRW,100,1,TRUE
145210,다이나믹디자인,KRX,kr_stock,KRW,100,1,TRUE
004835,덕성우,KRX,kr_stock,KRW,100,1,TRUE
001065,JW중외제약우,KRX,kr_stock,KRW,100,1,TRUE
004985,성신양회우,KRX,kr_stock,KRW,100,1,TRUE
000325,노루홀딩스우,KRX,kr_stock,KRW,100,1,TRUE
009415,태영건설우,KRX,kr_stock,KRW,100,1,TRUE
26490K,크라운제과우,KRX,kr_stock,KRW,100,1,TRUE
090355,노루페인트우,KRX,kr_stock,KRW,100,1,TRUE
000145,하이트진로홀딩스우,KRX,kr_stock,KRW,100,1,TRUE
000545,흥국화재우,KRX,kr_stock,KRW,100,1,TRUE
36328K,티와이홀딩스우,KRX,kr_stock,KRW,100,1,TRUE
005745,크라운해태홀딩스우,KRX,kr_stock,KRW,100,1,TRUE
008355,남선알미우,KRX,kr_stock,KRW,100,1,TRUE
002995,금호건설우,KRX,kr_stock,KRW,100,1,TRUE
014825,동원시스템즈우,KRX,kr_stock,KRW,100,1,TRUE
005965,동부건설우,KRX,kr_stock,KRW,100,1,TRUE
007575,일양약품우,KRX,kr_stock,KRW,100,1,TRUE
014285,금강공업우,KRX,kr_stock,KRW,100,1,TRUE
014915,성문전자우,KRX,kr_stock,KRW,100,1,TRUE
004545,깨끗한나라우,KRX,kr_stock,KRW,100,1,TRUE
000227,유유제약2우B,KRX,kr_stock,KRW,100,1,TRUE
002785,진흥기업우B,KRX,kr_stock,KRW,100,1,TRUE
001525,동양우,KRX,kr_stock,KRW,100,1,TRUE
011155,CJ씨푸드1우,KRX,kr_stock,KRW,100,1,TRUE
004415,서울식품우,KRX,kr_stock,KRW,100,1,TRUE
002787,진흥기업2우B,KRX,kr_stock,KRW,100,1,TRUE
001527,동양2우B,KRX,kr_stock,KRW,100,1,TRUE
