symbol,name,market_code,asset_class,currency,tick_size,lot_size,is_active,name_kr,exchange_code,metadata_market_segment,metadata_segment,metadata_universe_segment,metadata_kospi_kosdaq_cls_name,metadata_mrkt_trtm_cls_name,source_file
000020,동화약품,KOSPI,kr_stock,KRW,100,1,TRUE,동화약품,KOSPI,KOSPI,,,,,kospi_master.csv
000040,KR모터스,KOSPI,kr_stock,KRW,100,1,TRUE,KR모터스,KOSPI,KOSPI,,,,,kospi_master.csv
000050,경방,KOSPI,kr_stock,KRW,100,1,TRUE,경방,KOSPI,KOSPI,,,,,kospi_master.csv
000070,삼양홀딩스,KOSPI,kr_stock,KRW,100,1,TRUE,삼양홀딩스,KOSPI,KOSPI,,,,,kospi_master.csv
000080,하이트진로,KOSPI,kr_stock,KRW,100,1,TRUE,하이트진로,KOSPI,KOSPI,,,,,kospi_master.csv
000087,하이트진로2우B,KOSPI,kr_stock,KRW,100,1,TRUE,하이트진로2우B,KOSPI,KOSPI,,,,,kospi_master.csv
000100,유한양행,KOSPI,kr_stock,KRW,100,1,TRUE,유한양행,KOSPI,KOSPI,,,,,kospi_master.csv
000105,유한양행우,KOSPI,kr_stock,KRW,100,1,TRUE,유한양행우,KOSPI,KOSPI,,,,,kospi_master.csv
000120,CJ대한통운,KOSPI,kr_stock,KRW,100,1,TRUE,CJ대한통운,KOSPI,KOSPI,,,,,kospi_master.csv
000140,하이트진로홀딩스,KOSPI,kr_stock,KRW,100,1,TRUE,하이트진로홀딩스,KOSPI,KOSPI,,,,,kospi_master.csv
000145,하이트진로홀딩스우,KOSPI,kr_stock,KRW,100,1,TRUE,하이트진로홀딩스우,KOSPI,KOSPI,,,,,kospi_master.csv
000150,두산,KOSPI,kr_stock,KRW,100,1,TRUE,두산,KOSPI,KOSPI,,,,,kospi_master.csv
000155,두산우,KOSPI,kr_stock,KRW,100,1,TRUE,두산우,KOSPI,KOSPI,,,,,kospi_master.csv
000157,두산2우B,KOSPI,kr_stock,KRW,100,1,TRUE,두산2우B,KOSPI,KOSPI,,,,,kospi_master.csv
000180,성창기업지주,KOSPI,kr_stock,KRW,100,1,TRUE,성창기업지주,KOSPI,KOSPI,,,,,kospi_master.csv
000210,DL,KOSPI,kr_stock,KRW,100,1,TRUE,DL,KOSPI,KOSPI,,,,,kospi_master.csv
000215,DL우,KOSPI,kr_stock,KRW,100,1,TRUE,DL우,KOSPI,KOSPI,,,,,kospi_master.csv
000220,유유제약,KOSPI,kr_stock,KRW,100,1,TRUE,유유제약,KOSPI,KOSPI,,,,,kospi_master.csv
000225,유유제약1우,KOSPI,kr_stock,KRW,100,1,TRUE,유유제약1우,KOSPI,KOSPI,,,,,kospi_master.csv
000227,유유제약2우B,KOSPI,kr_stock,KRW,100,1,TRUE,유유제약2우B,KOSPI,KOSPI,,,,,kospi_master.csv
000230,일동홀딩스,KOSPI,kr_stock,KRW,100,1,TRUE,일동홀딩스,KOSPI,KOSPI,,,,,kospi_master.csv
000240,한국앤컴퍼니,KOSPI,kr_stock,KRW,100,1,TRUE,한국앤컴퍼니,KOSPI,KOSPI,,,,,kospi_master.csv
000270,기아,KOSPI,kr_stock,KRW,100,1,TRUE,기아,KOSPI,KOSPI,,,,,kospi_master.csv
000300,DH오토넥스,KOSPI,kr_stock,KRW,100,1,TRUE,DH오토넥스,KOSPI,KOSPI,,,,,kospi_master.csv
000320,노루홀딩스,KOSPI,kr_stock,KRW,100,1,TRUE,노루홀딩스,KOSPI,KOSPI,,,,,kospi_master.csv
000325,노루홀딩스우,KOSPI,kr_stock,KRW,100,1,TRUE,노루홀딩스우,KOSPI,KOSPI,,,,,kospi_master.csv
000370,한화손해보험,KOSPI,kr_stock,KRW,100,1,TRUE,한화손해보험,KOSPI,KOSPI,,,,,kospi_master.csv
000390,SP삼화,KOSPI,kr_stock,KRW,100,1,TRUE,SP삼화,KOSPI,KOSPI,,,,,kospi_master.csv
000400,롯데손해보험,KOSPI,kr_stock,KRW,100,1,TRUE,롯데손해보험,KOSPI,KOSPI,,,,,kospi_master.csv
000430,대원강업,KOSPI,kr_stock,KRW,100,1,TRUE,대원강업,KOSPI,KOSPI,,,,,kospi_master.csv
000480,CR홀딩스,KOSPI,kr_stock,KRW,100,1,TRUE,CR홀딩스,KOSPI,KOSPI,,,,,kospi_master.csv
000490,대동,KOSPI,kr_stock,KRW,100,1,TRUE,대동,KOSPI,KOSPI,,,,,kospi_master.csv
000500,가온전선,KOSPI,kr_stock,KRW,100,1,TRUE,가온전선,KOSPI,KOSPI,,,,,kospi_master.csv
000520,삼일제약,KOSPI,kr_stock,KRW,100,1,TRUE,삼일제약,KOSPI,KOSPI,,,,,kospi_master.csv
000540,흥국화재,KOSPI,kr_stock,KRW,100,1,TRUE,흥국화재,KOSPI,KOSPI,,,,,kospi_master.csv
000545,흥국화재우,KOSPI,kr_stock,KRW,100,1,TRUE,흥국화재우,KOSPI,KOSPI,,,,,kospi_master.csv
000590,CS홀딩스,KOSPI,kr_stock,KRW,100,1,TRUE,CS홀딩스,KOSPI,KOSPI,,,,,kospi_master.csv
000640,동아쏘시오홀딩스,KOSPI,kr_stock,KRW,100,1,TRUE,동아쏘시오홀딩스,KOSPI,KOSPI,,,,,kospi_master.csv
000650,천일고속,KOSPI,kr_stock,KRW,100,1,TRUE,천일고속,KOSPI,KOSPI,,,,,kospi_master.csv
000660,SK하이닉스,KOSPI,kr_stock,KRW,100,1,TRUE,SK하이닉스,KOSPI,KOSPI,,,,,kospi_master.csv
000670,영풍,KOSPI,kr_stock,KRW,100,1,TRUE,영풍,KOSPI,KOSPI,,,,,kospi_master.csv
000680,LS네트웍스,KOSPI,kr_stock,KRW,100,1,TRUE,LS네트웍스,KOSPI,KOSPI,,,,,kospi_master.csv
000700,유수홀딩스,KOSPI,kr_stock,KRW,100,1,TRUE,유수홀딩스,KOSPI,KOSPI,,,,,kospi_master.csv
000720,현대건설,KOSPI,kr_stock,KRW,100,1,TRUE,현대건설,KOSPI,KOSPI,,,,,kospi_master.csv
000725,현대건설우,KOSPI,kr_stock,KRW,100,1,TRUE,현대건설우,KOSPI,KOSPI,,,,,kospi_master.csv
000760,이화산업,KOSPI,kr_stock,KRW,100,1,TRUE,이화산업,KOSPI,KOSPI,,,,,kospi_master.csv
000810,삼성화재,KOSPI,kr_stock,KRW,100,1,TRUE,삼성화재,KOSPI,KOSPI,,,,,kospi_master.csv
000815,삼성화재우,KOSPI,kr_stock,KRW,100,1,TRUE,삼성화재우,KOSPI,KOSPI,,,,,kospi_master.csv
000850,화천기공,KOSPI,kr_stock,KRW,100,1,TRUE,화천기공,KOSPI,KOSPI,,,,,kospi_master.csv
000860,강남제비스코,KOSPI,kr_stock,KRW,100,1,TRUE,강남제비스코,KOSPI,KOSPI,,,,,kospi_master.csv
000880,한화,KOSPI,kr_stock,KRW,100,1,TRUE,한화,KOSPI,KOSPI,,,,,kospi_master.csv
00088K,한화3우B,KOSPI,kr_stock,KRW,100,1,TRUE,한화3우B,KOSPI,KOSPI,,,,,kospi_master.csv
000890,보해양조,KOSPI,kr_stock,KRW,100,1,TRUE,보해양조,KOSPI,KOSPI,,,,,kospi_master.csv
000910,유니온,KOSPI,kr_stock,KRW,100,1,TRUE,유니온,KOSPI,KOSPI,,,,,kospi_master.csv
000950,전방,KOSPI,kr_stock,KRW,100,1,TRUE,전방,KOSPI,KOSPI,,,,,kospi_master.csv
000970,한국주철관,KOSPI,kr_stock,KRW,100,1,TRUE,한국주철관,KOSPI,KOSPI,,,,,kospi_master.csv
000990,DB하이텍,KOSPI,kr_stock,KRW,100,1,TRUE,DB하이텍,KOSPI,KOSPI,,,,,kospi_master.csv
001020,페이퍼코리아,KOSPI,kr_stock,KRW,100,1,TRUE,페이퍼코리아,KOSPI,KOSPI,,,,,kospi_master.csv
001040,CJ,KOSPI,kr_stock,KRW,100,1,TRUE,CJ,KOSPI,KOSPI,,,,,kospi_master.csv
001045,CJ우,KOSPI,kr_stock,KRW,100,1,TRUE,CJ우,KOSPI,KOSPI,,,,,kospi_master.csv
00104K,CJ4우(전환),KOSPI,kr_stock,KRW,100,1,TRUE,CJ4우(전환),KOSPI,KOSPI,,,,,kospi_master.csv
001060,JW중외제약,KOSPI,kr_stock,KRW,100,1,TRUE,JW중외제약,KOSPI,KOSPI,,,,,kospi_master.csv
001065,JW중외제약우,KOSPI,kr_stock,KRW,100,1,TRUE,JW중외제약우,KOSPI,KOSPI,,,,,kospi_master.csv
001067,JW중외제약2우B,KOSPI,kr_stock,KRW,100,1,TRUE,JW중외제약2우B,KOSPI,KOSPI,,,,,kospi_master.csv
001070,대한방직,KOSPI,kr_stock,KRW,100,1,TRUE,대한방직,KOSPI,KOSPI,,,,,kospi_master.csv
001080,만호제강,KOSPI,kr_stock,KRW,100,1,TRUE,만호제강,KOSPI,KOSPI,,,,,kospi_master.csv
001120,LX인터내셔널,KOSPI,kr_stock,KRW,100,1,TRUE,LX인터내셔널,KOSPI,KOSPI,,,,,kospi_master.csv
001130,대한제분,KOSPI,kr_stock,KRW,100,1,TRUE,대한제분,KOSPI,KOSPI,,,,,kospi_master.csv
001200,유진투자증권,KOSPI,kr_stock,KRW,100,1,TRUE,유진투자증권,KOSPI,KOSPI,,,,,kospi_master.csv
001210,금호전기,KOSPI,kr_stock,KRW,100,1,TRUE,금호전기,KOSPI,KOSPI,,,,,kospi_master.csv
001230,동국홀딩스,KOSPI,kr_stock,KRW,100,1,TRUE,동국홀딩스,KOSPI,KOSPI,,,,,kospi_master.csv
001250,GS글로벌,KOSPI,kr_stock,KRW,100,1,TRUE,GS글로벌,KOSPI,KOSPI,,,,,kospi_master.csv
001260,남광토건,KOSPI,kr_stock,KRW,100,1,TRUE,남광토건,KOSPI,KOSPI,,,,,kospi_master.csv
001270,부국증권,KOSPI,kr_stock,KRW,100,1,TRUE,부국증권,KOSPI,KOSPI,,,,,kospi_master.csv
001275,부국증권우,KOSPI,kr_stock,KRW,100,1,TRUE,부국증권우,KOSPI,KOSPI,,,,,kospi_master.csv
001290,상상인증권,KOSPI,kr_stock,KRW,100,1,TRUE,상상인증권,KOSPI,KOSPI,,,,,kospi_master.csv
001340,PKC,KOSPI,kr_stock,KRW,100,1,TRUE,PKC,KOSPI,KOSPI,,,,,kospi_master.csv
001360,삼성제약,KOSPI,kr_stock,KRW,100,1,TRUE,삼성제약,KOSPI,KOSPI,,,,,kospi_master.csv
001380,SG글로벌,KOSPI,kr_stock,KRW,100,1,TRUE,SG글로벌,KOSPI,KOSPI,,,,,kospi_master.csv
001390,KG케미칼,KOSPI,kr_stock,KRW,100,1,TRUE,KG케미칼,KOSPI,KOSPI,,,,,kospi_master.csv
001420,태원물산,KOSPI,kr_stock,KRW,100,1,TRUE,태원물산,KOSPI,KOSPI,,,,,kospi_master.csv
001430,세아베스틸지주,KOSPI,kr_stock,KRW,100,1,TRUE,세아베스틸지주,KOSPI,KOSPI,,,,,kospi_master.csv
001440,대한전선,KOSPI,kr_stock,KRW,100,1,TRUE,대한전선,KOSPI,KOSPI,,,,,kospi_master.csv
001450,현대해상,KOSPI,kr_stock,KRW,100,1,TRUE,현대해상,KOSPI,KOSPI,,,,,kospi_master.csv
001460,BYC,KOSPI,kr_stock,KRW,100,1,TRUE,BYC,KOSPI,KOSPI,,,,,kospi_master.csv
001465,BYC우,KOSPI,kr_stock,KRW,100,1,TRUE,BYC우,KOSPI,KOSPI,,,,,kospi_master.csv
001470,삼부토건,KOSPI,kr_stock,KRW,100,1,TRUE,삼부토건,KOSPI,KOSPI,,,,,kospi_master.csv
001500,현대차증권,KOSPI,kr_stock,KRW,100,1,TRUE,현대차증권,KOSPI,KOSPI,,,,,kospi_master.csv
001510,SK증권,KOSPI,kr_stock,KRW,100,1,TRUE,SK증권,KOSPI,KOSPI,,,,,kospi_master.csv
001515,SK증권우,KOSPI,kr_stock,KRW,100,1,TRUE,SK증권우,KOSPI,KOSPI,,,,,kospi_master.csv
001520,동양,KOSPI,kr_stock,KRW,100,1,TRUE,동양,KOSPI,KOSPI,,,,,kospi_master.csv
001525,동양우,KOSPI,kr_stock,KRW,100,1,TRUE,동양우,KOSPI,KOSPI,,,,,kospi_master.csv
001527,동양2우B,KOSPI,kr_stock,KRW,100,1,TRUE,동양2우B,KOSPI,KOSPI,,,,,kospi_master.csv
001530,DI동일,KOSPI,kr_stock,KRW,100,1,TRUE,DI동일,KOSPI,KOSPI,,,,,kospi_master.csv
001550,조비,KOSPI,kr_stock,KRW,100,1,TRUE,조비,KOSPI,KOSPI,,,,,kospi_master.csv
001560,제일연마,KOSPI,kr_stock,KRW,100,1,TRUE,제일연마,KOSPI,KOSPI,,,,,kospi_master.csv
001570,금양,KOSPI,kr_stock,KRW,100,1,TRUE,금양,KOSPI,KOSPI,,,,,kospi_master.csv
001620,케이비아이동국실업,KOSPI,kr_stock,KRW,100,1,TRUE,케이비아이동국실업,KOSPI,KOSPI,,,,,kospi_master.csv
001630,종근당홀딩스,KOSPI,kr_stock,KRW,100,1,TRUE,종근당홀딩스,KOSPI,KOSPI,,,,,kospi_master.csv
001680,대상,KOSPI,kr_stock,KRW,100,1,TRUE,대상,KOSPI,KOSPI,,,,,kospi_master.csv
001685,대상우,KOSPI,kr_stock,KRW,100,1,TRUE,대상우,KOSPI,KOSPI,,,,,kospi_master.csv
001720,신영증권,KOSPI,kr_stock,KRW,100,1,TRUE,신영증권,KOSPI,KOSPI,,,,,kospi_master.csv
001740,SK네트웍스,KOSPI,kr_stock,KRW,100,1,TRUE,SK네트웍스,KOSPI,KOSPI,,,,,kospi_master.csv
001750,한양증권,KOSPI,kr_stock,KRW,100,1,TRUE,한양증권,KOSPI,KOSPI,,,,,kospi_master.csv
001755,한양증권우,KOSPI,kr_stock,KRW,100,1,TRUE,한양증권우,KOSPI,KOSPI,,,,,kospi_master.csv
001770,SHD,KOSPI,kr_stock,KRW,100,1,TRUE,SHD,KOSPI,KOSPI,,,,,kospi_master.csv
001780,알루코,KOSPI,kr_stock,KRW,100,1,TRUE,알루코,KOSPI,KOSPI,,,,,kospi_master.csv
001790,대한제당,KOSPI,kr_stock,KRW,100,1,TRUE,대한제당,KOSPI,KOSPI,,,,,kospi_master.csv
001795,대한제당우,KOSPI,kr_stock,KRW,100,1,TRUE,대한제당우,KOSPI,KOSPI,,,,,kospi_master.csv
001800,오리온홀딩스,KOSPI,kr_stock,KRW,100,1,TRUE,오리온홀딩스,KOSPI,KOSPI,,,,,kospi_master.csv
001820,삼화콘덴서,KOSPI,kr_stock,KRW,100,1,TRUE,삼화콘덴서,KOSPI,KOSPI,,,,,kospi_master.csv
001940,KISCO홀딩스,KOSPI,kr_stock,KRW,100,1,TRUE,KISCO홀딩스,KOSPI,KOSPI,,,,,kospi_master.csv
002020,코오롱,KOSPI,kr_stock,KRW,100,1,TRUE,코오롱,KOSPI,KOSPI,,,,,kospi_master.csv
002025,코오롱우,KOSPI,kr_stock,KRW,100,1,TRUE,코오롱우,KOSPI,KOSPI,,,,,kospi_master.csv
002030,아세아,KOSPI,kr_stock,KRW,100,1,TRUE,아세아,KOSPI,KOSPI,,,,,kospi_master.csv
002070,비비안,KOSPI,kr_stock,KRW,100,1,TRUE,비비안,KOSPI,KOSPI,,,,,kospi_master.csv
002100,경농,KOSPI,kr_stock,KRW,100,1,TRUE,경농,KOSPI,KOSPI,,,,,kospi_master.csv
002140,고려산업,KOSPI,kr_stock,KRW,100,1,TRUE,고려산업,KOSPI,KOSPI,,,,,kospi_master.csv
002150,도화엔지니어링,KOSPI,kr_stock,KRW,100,1,TRUE,도화엔지니어링,KOSPI,KOSPI,,,,,kospi_master.csv
002170,SYTS,KOSPI,kr_stock,KRW,100,1,TRUE,SYTS,KOSPI,KOSPI,,,,,kospi_master.csv
002200,한국수출포장,KOSPI,kr_stock,KRW,100,1,TRUE,한국수출포장,KOSPI,KOSPI,,,,,kospi_master.csv
002210,동성제약,KOSPI,kr_stock,KRW,100,1,TRUE,동성제약,KOSPI,KOSPI,,,,,kospi_master.csv
002220,한일철강,KOSPI,kr_stock,KRW,100,1,TRUE,한일철강,KOSPI,KOSPI,,,,,kospi_master.csv
002240,고려제강,KOSPI,kr_stock,KRW,100,1,TRUE,고려제강,KOSPI,KOSPI,,,,,kospi_master.csv
002310,아세아제지,KOSPI,kr_stock,KRW,100,1,TRUE,아세아제지,KOSPI,KOSPI,,,,,kospi_master.csv
002320,한진,KOSPI,kr_stock,KRW,100,1,TRUE,한진,KOSPI,KOSPI,,,,,kospi_master.csv
002350,넥센타이어,KOSPI,kr_stock,KRW,100,1,TRUE,넥센타이어,KOSPI,KOSPI,,,,,kospi_master.csv
002355,넥센타이어1우B,KOSPI,kr_stock,KRW,100,1,TRUE,넥센타이어1우B,KOSPI,KOSPI,,,,,kospi_master.csv
002360,SH에너지화학,KOSPI,kr_stock,KRW,100,1,TRUE,SH에너지화학,KOSPI,KOSPI,,,,,kospi_master.csv
002380,KCC,KOSPI,kr_stock,KRW,100,1,TRUE,KCC,KOSPI,KOSPI,,,,,kospi_master.csv
002390,한독,KOSPI,kr_stock,KRW,100,1,TRUE,한독,KOSPI,KOSPI,,,,,kospi_master.csv
002410,범양건영,KOSPI,kr_stock,KRW,100,1,TRUE,범양건영,KOSPI,KOSPI,,,,,kospi_master.csv
002420,세기상사,KOSPI,kr_stock,KRW,100,1,TRUE,세기상사,KOSPI,KOSPI,,,,,kospi_master.csv
002450,삼익악기,KOSPI,kr_stock,KRW,100,1,TRUE,삼익악기,KOSPI,KOSPI,,,,,kospi_master.csv
002460,HS화성,KOSPI,kr_stock,KRW,100,1,TRUE,HS화성,KOSPI,KOSPI,,,,,kospi_master.csv
002600,조흥,KOSPI,kr_stock,KRW,100,1,TRUE,조흥,KOSPI,KOSPI,,,,,kospi_master.csv
002620,제일파마홀딩스,KOSPI,kr_stock,KRW,100,1,TRUE,제일파마홀딩스,KOSPI,KOSPI,,,,,kospi_master.csv
002630,오리엔트바이오,KOSPI,kr_stock,KRW,100,1,TRUE,오리엔트바이오,KOSPI,KOSPI,,,,,kospi_master.csv
002690,동일제강,KOSPI,kr_stock,KRW,100,1,TRUE,동일제강,KOSPI,KOSPI,,,,,kospi_master.csv
002700,신일전자,KOSPI,kr_stock,KRW,100,1,TRUE,신일전자,KOSPI,KOSPI,,,,,kospi_master.csv
002710,TCC스틸,KOSPI,kr_stock,KRW,100,1,TRUE,TCC스틸,KOSPI,KOSPI,,,,,kospi_master.csv
002720,국제약품,KOSPI,kr_stock,KRW,100,1,TRUE,국제약품,KOSPI,KOSPI,,,,,kospi_master.csv
002760,보락,KOSPI,kr_stock,KRW,100,1,TRUE,보락,KOSPI,KOSPI,,,,,kospi_master.csv
002780,진흥기업,KOSPI,kr_stock,KRW,100,1,TRUE,진흥기업,KOSPI,KOSPI,,,,,kospi_master.csv
002785,진흥기업우B,KOSPI,kr_stock,KRW,100,1,TRUE,진흥기업우B,KOSPI,KOSPI,,,,,kospi_master.csv
002787,진흥기업2우B,KOSPI,kr_stock,KRW,100,1,TRUE,진흥기업2우B,KOSPI,KOSPI,,,,,kospi_master.csv
002790,아모레퍼시픽홀딩스,KOSPI,kr_stock,KRW,100,1,TRUE,아모레퍼시픽홀딩스,KOSPI,KOSPI,,,,,kospi_master.csv
002795,아모레퍼시픽홀딩스우,KOSPI,kr_stock,KRW,100,1,TRUE,아모레퍼시픽홀딩스우,KOSPI,KOSPI,,,,,kospi_master.csv
00279K,아모레퍼시픽홀딩스3우C,KOSPI,kr_stock,KRW,100,1,TRUE,아모레퍼시픽홀딩스3우C,KOSPI,KOSPI,,,,,kospi_master.csv
002810,삼영무역,KOSPI,kr_stock,KRW,100,1,TRUE,삼영무역,KOSPI,KOSPI,,,,,kospi_master.csv
002820,SUN&L,KOSPI,kr_stock,KRW,100,1,TRUE,SUN&L,KOSPI,KOSPI,,,,,kospi_master.csv
002840,미원상사,KOSPI,kr_stock,KRW,100,1,TRUE,미원상사,KOSPI,KOSPI,,,,,kospi_master.csv
002870,신풍,KOSPI,kr_stock,KRW,100,1,TRUE,신풍,KOSPI,KOSPI,,,,,kospi_master.csv
002880,디와이에이,KOSPI,kr_stock,KRW,100,1,TRUE,디와이에이,KOSPI,KOSPI,,,,,kospi_master.csv
002900,TYM,KOSPI,kr_stock,KRW,100,1,TRUE,TYM,KOSPI,KOSPI,,,,,kospi_master.csv
002920,유성기업,KOSPI,kr_stock,KRW,100,1,TRUE,유성기업,KOSPI,KOSPI,,,,,kospi_master.csv
002960,한국쉘석유,KOSPI,kr_stock,KRW,100,1,TRUE,한국쉘석유,KOSPI,KOSPI,,,,,kospi_master.csv
002990,금호건설,KOSPI,kr_stock,KRW,100,1,TRUE,금호건설,KOSPI,KOSPI,,,,,kospi_master.csv
002995,금호건설우,KOSPI,kr_stock,KRW,100,1,TRUE,금호건설우,KOSPI,KOSPI,,,,,kospi_master.csv
003000,부광약품,KOSPI,kr_stock,KRW,100,1,TRUE,부광약품,KOSPI,KOSPI,,,,,kospi_master.csv
003010,혜인,KOSPI,kr_stock,KRW,100,1,TRUE,혜인,KOSPI,KOSPI,,,,,kospi_master.csv
003030,세아제강지주,KOSPI,kr_stock,KRW,100,1,TRUE,세아제강지주,KOSPI,KOSPI,,,,,kospi_master.csv
003060,에이프로젠바이오로직스,KOSPI,kr_stock,KRW,100,1,TRUE,에이프로젠바이오로직스,KOSPI,KOSPI,,,,,kospi_master.csv
003070,코오롱글로벌,KOSPI,kr_stock,KRW,100,1,TRUE,코오롱글로벌,KOSPI,KOSPI,,,,,kospi_master.csv
003075,코오롱글로벌우,KOSPI,kr_stock,KRW,100,1,TRUE,코오롱글로벌우,KOSPI,KOSPI,,,,,kospi_master.csv
003080,SB성보,KOSPI,kr_stock,KRW,100,1,TRUE,SB성보,KOSPI,KOSPI,,,,,kospi_master.csv
003090,대웅,KOSPI,kr_stock,KRW,100,1,TRUE,대웅,KOSPI,KOSPI,,,,,kospi_master.csv
0030R0,대신밸류리츠,KOSPI,kr_stock,KRW,100,1,TRUE,대신밸류리츠,KOSPI,KOSPI,,,,,kospi_master.csv
003120,일성아이에스,KOSPI,kr_stock,KRW,100,1,TRUE,일성아이에스,KOSPI,KOSPI,,,,,kospi_master.csv
003160,디아이,KOSPI,kr_stock,KRW,100,1,TRUE,디아이,KOSPI,KOSPI,,,,,kospi_master.csv
003200,일신방직,KOSPI,kr_stock,KRW,100,1,TRUE,일신방직,KOSPI,KOSPI,,,,,kospi_master.csv
003220,대원제약,KOSPI,kr_stock,KRW,100,1,TRUE,대원제약,KOSPI,KOSPI,,,,,kospi_master.csv
003230,삼양식품,KOSPI,kr_stock,KRW,100,1,TRUE,삼양식품,KOSPI,KOSPI,,,,,kospi_master.csv
003240,태광산업,KOSPI,kr_stock,KRW,100,1,TRUE,태광산업,KOSPI,KOSPI,,,,,kospi_master.csv
003280,흥아해운,KOSPI,kr_stock,KRW,100,1,TRUE,흥아해운,KOSPI,KOSPI,,,,,kospi_master.csv
003300,한일홀딩스,KOSPI,kr_stock,KRW,100,1,TRUE,한일홀딩스,KOSPI,KOSPI,,,,,kospi_master.csv
003350,한국화장품제조,KOSPI,kr_stock,KRW,100,1,TRUE,한국화장품제조,KOSPI,KOSPI,,,,,kospi_master.csv
003460,유화증권,KOSPI,kr_stock,KRW,100,1,TRUE,유화증권,KOSPI,KOSPI,,,,,kospi_master.csv
003465,유화증권우,KOSPI,kr_stock,KRW,100,1,TRUE,유화증권우,KOSPI,KOSPI,,,,,kospi_master.csv
003470,유안타증권,KOSPI,kr_stock,KRW,100,1,TRUE,유안타증권,KOSPI,KOSPI,,,,,kospi_master.csv
003475,유안타증권우,KOSPI,kr_stock,KRW,100,1,TRUE,유안타증권우,KOSPI,KOSPI,,,,,kospi_master.csv
003480,한진중공업홀딩스,KOSPI,kr_stock,KRW,100,1,TRUE,한진중공업홀딩스,KOSPI,KOSPI,,,,,kospi_master.csv
003490,대한항공,KOSPI,kr_stock,KRW,100,1,TRUE,대한항공,KOSPI,KOSPI,,,,,kospi_master.csv
003495,대한항공우,KOSPI,kr_stock,KRW,100,1,TRUE,대한항공우,KOSPI,KOSPI,,,,,kospi_master.csv
003520,영진약품,KOSPI,kr_stock,KRW,100,1,TRUE,영진약품,KOSPI,KOSPI,,,,,kospi_master.csv
003530,한화투자증권,KOSPI,kr_stock,KRW,100,1,TRUE,한화투자증권,KOSPI,KOSPI,,,,,kospi_master.csv
003535,한화투자증권우,KOSPI,kr_stock,KRW,100,1,TRUE,한화투자증권우,KOSPI,KOSPI,,,,,kospi_master.csv
003540,대신증권,KOSPI,kr_stock,KRW,100,1,TRUE,대신증권,KOSPI,KOSPI,,,,,kospi_master.csv
003545,대신증권우,KOSPI,kr_stock,KRW,100,1,TRUE,대신증권우,KOSPI,KOSPI,,,,,kospi_master.csv
003547,대신증권2우B,KOSPI,kr_stock,KRW,100,1,TRUE,대신증권2우B,KOSPI,KOSPI,,,,,kospi_master.csv
003550,LG,KOSPI,kr_stock,KRW,100,1,TRUE,LG,KOSPI,KOSPI,,,,,kospi_master.csv
003555,LG우,KOSPI,kr_stock,KRW,100,1,TRUE,LG우,KOSPI,KOSPI,,,,,kospi_master.csv
003570,SNT다이내믹스,KOSPI,kr_stock,KRW,100,1,TRUE,SNT다이내믹스,KOSPI,KOSPI,,,,,kospi_master.csv
003580,HLB글로벌,KOSPI,kr_stock,KRW,100,1,TRUE,HLB글로벌,KOSPI,KOSPI,,,,,kospi_master.csv
003610,방림,KOSPI,kr_stock,KRW,100,1,TRUE,방림,KOSPI,KOSPI,,,,,kospi_master.csv
003620,KG모빌리티,KOSPI,kr_stock,KRW,100,1,TRUE,KG모빌리티,KOSPI,KOSPI,,,,,kospi_master.csv
003650,미창석유,KOSPI,kr_stock,KRW,100,1,TRUE,미창석유,KOSPI,KOSPI,,,,,kospi_master.csv
003670,포스코퓨처엠,KOSPI,kr_stock,KRW,100,1,TRUE,포스코퓨처엠,KOSPI,KOSPI,,,,,kospi_master.csv
003680,한성기업,KOSPI,kr_stock,KRW,100,1,TRUE,한성기업,KOSPI,KOSPI,,,,,kospi_master.csv
003690,코리안리,KOSPI,kr_stock,KRW,100,1,TRUE,코리안리,KOSPI,KOSPI,,,,,kospi_master.csv
003720,삼영,KOSPI,kr_stock,KRW,100,1,TRUE,삼영,KOSPI,KOSPI,,,,,kospi_master.csv
003780,진양산업,KOSPI,kr_stock,KRW,100,1,TRUE,진양산업,KOSPI,KOSPI,,,,,kospi_master.csv
003830,대한화섬,KOSPI,kr_stock,KRW,100,1,TRUE,대한화섬,KOSPI,KOSPI,,,,,kospi_master.csv
003850,보령,KOSPI,kr_stock,KRW,100,1,TRUE,보령,KOSPI,KOSPI,,,,,kospi_master.csv
003920,남양유업,KOSPI,kr_stock,KRW,100,1,TRUE,남양유업,KOSPI,KOSPI,,,,,kospi_master.csv
003925,남양유업우,KOSPI,kr_stock,KRW,100,1,TRUE,남양유업우,KOSPI,KOSPI,,,,,kospi_master.csv
003960,사조대림,KOSPI,kr_stock,KRW,100,1,TRUE,사조대림,KOSPI,KOSPI,,,,,kospi_master.csv
004000,롯데정밀화학,KOSPI,kr_stock,KRW,100,1,TRUE,롯데정밀화학,KOSPI,KOSPI,,,,,kospi_master.csv
004020,현대제철,KOSPI,kr_stock,KRW,100,1,TRUE,현대제철,KOSPI,KOSPI,,,,,kospi_master.csv
004060,SG세계물산,KOSPI,kr_stock,KRW,100,1,TRUE,SG세계물산,KOSPI,KOSPI,,,,,kospi_master.csv
004080,신흥,KOSPI,kr_stock,KRW,100,1,TRUE,신흥,KOSPI,KOSPI,,,,,kospi_master.csv
004090,한국석유,KOSPI,kr_stock,KRW,100,1,TRUE,한국석유,KOSPI,KOSPI,,,,,kospi_master.csv
004100,태양금속,KOSPI,kr_stock,KRW,100,1,TRUE,태양금속,KOSPI,KOSPI,,,,,kospi_master.csv
004105,태양금속우,KOSPI,kr_stock,KRW,100,1,TRUE,태양금속우,KOSPI,KOSPI,,,,,kospi_master.csv
004140,동방,KOSPI,kr_stock,KRW,100,1,TRUE,동방,KOSPI,KOSPI,,,,,kospi_master.csv
004150,한솔홀딩스,KOSPI,kr_stock,KRW,100,1,TRUE,한솔홀딩스,KOSPI,KOSPI,,,,,kospi_master.csv
004170,신세계,KOSPI,kr_stock,KRW,100,1,TRUE,신세계,KOSPI,KOSPI,,,,,kospi_master.csv
004250,NPC,KOSPI,kr_stock,KRW,100,1,TRUE,NPC,KOSPI,KOSPI,,,,,kospi_master.csv
004255,NPC우,KOSPI,kr_stock,KRW,100,1,TRUE,NPC우,KOSPI,KOSPI,,,,,kospi_master.csv
004270,남성,KOSPI,kr_stock,KRW,100,1,TRUE,남성,KOSPI,KOSPI,,,,,kospi_master.csv
004310,현대약품,KOSPI,kr_stock,KRW,100,1,TRUE,현대약품,KOSPI,KOSPI,,,,,kospi_master.csv
004360,세방,KOSPI,kr_stock,KRW,100,1,TRUE,세방,KOSPI,KOSPI,,,,,kospi_master.csv
004365,세방우,KOSPI,kr_stock,KRW,100,1,TRUE,세방우,KOSPI,KOSPI,,,,,kospi_master.csv
004370,농심,KOSPI,kr_stock,KRW,100,1,TRUE,농심,KOSPI,KOSPI,,,,,kospi_master.csv
004380,삼익THK,KOSPI,kr_stock,KRW,100,1,TRUE,삼익THK,KOSPI,KOSPI,,,,,kospi_master.csv
004410,서울식품,KOSPI,kr_stock,KRW,100,1,TRUE,서울식품,KOSPI,KOSPI,,,,,kospi_master.csv
004415,서울식품우,KOSPI,kr_stock,KRW,100,1,TRUE,서울식품우,KOSPI,KOSPI,,,,,kospi_master.csv
004430,송원산업,KOSPI,kr_stock,KRW,100,1,TRUE,송원산업,KOSPI,KOSPI,,,,,kospi_master.csv
004440,삼일씨엔에스,KOSPI,kr_stock,KRW,100,1,TRUE,삼일씨엔에스,KOSPI,KOSPI,,,,,kospi_master.csv
004450,삼화왕관,KOSPI,kr_stock,KRW,100,1,TRUE,삼화왕관,KOSPI,KOSPI,,,,,kospi_master.csv
004490,세방전지,KOSPI,kr_stock,KRW,100,1,TRUE,세방전지,KOSPI,KOSPI,,,,,kospi_master.csv
004540,깨끗한나라,KOSPI,kr_stock,KRW,100,1,TRUE,깨끗한나라,KOSPI,KOSPI,,,,,kospi_master.csv
004545,깨끗한나라우,KOSPI,kr_stock,KRW,100,1,TRUE,깨끗한나라우,KOSPI,KOSPI,,,,,kospi_master.csv
004560,현대비앤지스틸,KOSPI,kr_stock,KRW,100,1,TRUE,현대비앤지스틸,KOSPI,KOSPI,,,,,kospi_master.csv
004690,삼천리,KOSPI,kr_stock,KRW,100,1,TRUE,삼천리,KOSPI,KOSPI,,,,,kospi_master.csv
004700,조광피혁,KOSPI,kr_stock,KRW,100,1,TRUE,조광피혁,KOSPI,KOSPI,,,,,kospi_master.csv
004710,한솔테크닉스,KOSPI,kr_stock,KRW,100,1,TRUE,한솔테크닉스,KOSPI,KOSPI,,,,,kospi_master.csv
004720,팜젠사이언스,KOSPI,kr_stock,KRW,100,1,TRUE,팜젠사이언스,KOSPI,KOSPI,,,,,kospi_master.csv
004770,써니전자,KOSPI,kr_stock,KRW,100,1,TRUE,써니전자,KOSPI,KOSPI,,,,,kospi_master.csv
004800,효성,KOSPI,kr_stock,KRW,100,1,TRUE,효성,KOSPI,KOSPI,,,,,kospi_master.csv
004830,덕성,KOSPI,kr_stock,KRW,100,1,TRUE,덕성,KOSPI,KOSPI,,,,,kospi_master.csv
004835,덕성우,KOSPI,kr_stock,KRW,100,1,TRUE,덕성우,KOSPI,KOSPI,,,,,kospi_master.csv
004840,DRB동일,KOSPI,kr_stock,KRW,100,1,TRUE,DRB동일,KOSPI,KOSPI,,,,,kospi_master.csv
004870,티웨이홀딩스,KOSPI,kr_stock,KRW,100,1,TRUE,티웨이홀딩스,KOSPI,KOSPI,,,,,kospi_master.csv
004890,동일산업,KOSPI,kr_stock,KRW,100,1,TRUE,동일산업,KOSPI,KOSPI,,,,,kospi_master.csv
004910,조광페인트,KOSPI,kr_stock,KRW,100,1,TRUE,조광페인트,KOSPI,KOSPI,,,,,kospi_master.csv
004920,씨아이테크,KOSPI,kr_stock,KRW,100,1,TRUE,씨아이테크,KOSPI,KOSPI,,,,,kospi_master.csv
004960,한신공영,KOSPI,kr_stock,KRW,100,1,TRUE,한신공영,KOSPI,KOSPI,,,,,kospi_master.csv
004970,신라교역,KOSPI,kr_stock,KRW,100,1,TRUE,신라교역,KOSPI,KOSPI,,,,,kospi_master.csv
004980,성신양회,KOSPI,kr_stock,KRW,100,1,TRUE,성신양회,KOSPI,KOSPI,,,,,kospi_master.csv
004985,성신양회우,KOSPI,kr_stock,KRW,100,1,TRUE,성신양회우,KOSPI,KOSPI,,,,,kospi_master.csv
004990,롯데지주,KOSPI,kr_stock,KRW,100,1,TRUE,롯데지주,KOSPI,KOSPI,,,,,kospi_master.csv
00499K,롯데지주우,KOSPI,kr_stock,KRW,100,1,TRUE,롯데지주우,KOSPI,KOSPI,,,,,kospi_master.csv
005010,휴스틸,KOSPI,kr_stock,KRW,100,1,TRUE,휴스틸,KOSPI,KOSPI,,,,,kospi_master.csv
005030,부산주공,KOSPI,kr_stock,KRW,100,1,TRUE,부산주공,KOSPI,KOSPI,,,,,kospi_master.csv
005070,코스모신소재,KOSPI,kr_stock,KRW,100,1,TRUE,코스모신소재,KOSPI,KOSPI,,,,,kospi_master.csv
005090,SGC에너지,KOSPI,kr_stock,KRW,100,1,TRUE,SGC에너지,KOSPI,KOSPI,,,,,kospi_master.csv
005110,한창,KOSPI,kr_stock,KRW,100,1,TRUE,한창,KOSPI,KOSPI,,,,,kospi_master.csv
005180,빙그레,KOSPI,kr_stock,KRW,100,1,TRUE,빙그레,KOSPI,KOSPI,,,,,kospi_master.csv
005250,녹십자홀딩스,KOSPI,kr_stock,KRW,100,1,TRUE,녹십자홀딩스,KOSPI,KOSPI,,,,,kospi_master.csv
005257,녹십자홀딩스2우,KOSPI,kr_stock,KRW,100,1,TRUE,녹십자홀딩스2우,KOSPI,KOSPI,,,,,kospi_master.csv
005300,롯데칠성,KOSPI,kr_stock,KRW,100,1,TRUE,롯데칠성,KOSPI,KOSPI,,,,,kospi_master.csv
005305,롯데칠성우,KOSPI,kr_stock,KRW,100,1,TRUE,롯데칠성우,KOSPI,KOSPI,,,,,kospi_master.csv
005320,온타이드,KOSPI,kr_stock,KRW,100,1,TRUE,온타이드,KOSPI,KOSPI,,,,,kospi_master.csv
005360,모나미,KOSPI,kr_stock,KRW,100,1,TRUE,모나미,KOSPI,KOSPI,,,,,kospi_master.csv
005380,현대차,KOSPI,kr_stock,KRW,100,1,TRUE,현대차,KOSPI,KOSPI,,,,,kospi_master.csv
005385,현대차우,KOSPI,kr_stock,KRW,100,1,TRUE,현대차우,KOSPI,KOSPI,,,,,kospi_master.csv
005387,현대차2우B,KOSPI,kr_stock,KRW,100,1,TRUE,현대차2우B,KOSPI,KOSPI,,,,,kospi_master.csv
005389,현대차3우B,KOSPI,kr_stock,KRW,100,1,TRUE,현대차3우B,KOSPI,KOSPI,,,,,kospi_master.csv
005420,코스모화학,KOSPI,kr_stock,KRW,100,1,TRUE,코스모화학,KOSPI,KOSPI,,,,,kospi_master.csv
005430,한국공항,KOSPI,kr_stock,KRW,100,1,TRUE,한국공항,KOSPI,KOSPI,,,,,kospi_master.csv
005440,현대지에프홀딩스,KOSPI,kr_stock,KRW,100,1,TRUE,현대지에프홀딩스,KOSPI,KOSPI,,,,,kospi_master.csv
005490,POSCO홀딩스,KOSPI,kr_stock,KRW,100,1,TRUE,POSCO홀딩스,KOSPI,KOSPI,,,,,kospi_master.csv
005500,삼진제약,KOSPI,kr_stock,KRW,100,1,TRUE,삼진제약,KOSPI,KOSPI,,,,,kospi_master.csv
005610,삼립,KOSPI,kr_stock,KRW,100,1,TRUE,삼립,KOSPI,KOSPI,,,,,kospi_master.csv
005680,삼영전자,KOSPI,kr_stock,KRW,100,1,TRUE,삼영전자,KOSPI,KOSPI,,,,,kospi_master.csv
005690,파미셀,KOSPI,kr_stock,KRW,100,1,TRUE,파미셀,KOSPI,KOSPI,,,,,kospi_master.csv
005720,넥센,KOSPI,kr_stock,KRW,100,1,TRUE,넥센,KOSPI,KOSPI,,,,,kospi_master.csv
005725,넥센우,KOSPI,kr_stock,KRW,100,1,TRUE,넥센우,KOSPI,KOSPI,,,,,kospi_master.csv
005740,크라운해태홀딩스,KOSPI,kr_stock,KRW,100,1,TRUE,크라운해태홀딩스,KOSPI,KOSPI,,,,,kospi_master.csv
005745,크라운해태홀딩스우,KOSPI,kr_stock,KRW,100,1,TRUE,크라운해태홀딩스우,KOSPI,KOSPI,,,,,kospi_master.csv
005750,대림바스,KOSPI,kr_stock,KRW,100,1,TRUE,대림바스,KOSPI,KOSPI,,,,,kospi_master.csv
005800,신영와코루,KOSPI,kr_stock,KRW,100,1,TRUE,신영와코루,KOSPI,KOSPI,,,,,kospi_master.csv
005810,풍산홀딩스,KOSPI,kr_stock,KRW,100,1,TRUE,풍산홀딩스,KOSPI,KOSPI,,,,,kospi_master.csv
005820,원림,KOSPI,kr_stock,KRW,100,1,TRUE,원림,KOSPI,KOSPI,,,,,kospi_master.csv
005830,DB손해보험,KOSPI,kr_stock,KRW,100,1,TRUE,DB손해보험,KOSPI,KOSPI,,,,,kospi_master.csv
005850,에스엘,KOSPI,kr_stock,KRW,100,1,TRUE,에스엘,KOSPI,KOSPI,,,,,kospi_master.csv
005870,휴니드,KOSPI,kr_stock,KRW,100,1,TRUE,휴니드,KOSPI,KOSPI,,,,,kospi_master.csv
005880,대한해운,KOSPI,kr_stock,KRW,100,1,TRUE,대한해운,KOSPI,KOSPI,,,,,kospi_master.csv
005930,삼성전자,KOSPI,kr_stock,KRW,100,1,TRUE,삼성전자,KOSPI,KOSPI,,,,,kospi_master.csv
005935,삼성전자우,KOSPI,kr_stock,KRW,100,1,TRUE,삼성전자우,KOSPI,KOSPI,,,,,kospi_master.csv
005940,NH투자증권,KOSPI,kr_stock,KRW,100,1,TRUE,NH투자증권,KOSPI,KOSPI,,,,,kospi_master.csv
005945,NH투자증권우,KOSPI,kr_stock,KRW,100,1,TRUE,NH투자증권우,KOSPI,KOSPI,,,,,kospi_master.csv
005950,이수화학,KOSPI,kr_stock,KRW,100,1,TRUE,이수화학,KOSPI,KOSPI,,,,,kospi_master.csv
005960,동부건설,KOSPI,kr_stock,KRW,100,1,TRUE,동부건설,KOSPI,KOSPI,,,,,kospi_master.csv
005965,동부건설우,KOSPI,kr_stock,KRW,100,1,TRUE,동부건설우,KOSPI,KOSPI,,,,,kospi_master.csv
006040,동원산업,KOSPI,kr_stock,KRW,100,1,TRUE,동원산업,KOSPI,KOSPI,,,,,kospi_master.csv
006060,화승인더,KOSPI,kr_stock,KRW,100,1,TRUE,화승인더,KOSPI,KOSPI,,,,,kospi_master.csv
006090,사조오양,KOSPI,kr_stock,KRW,100,1,TRUE,사조오양,KOSPI,KOSPI,,,,,kospi_master.csv
006110,삼아알미늄,KOSPI,kr_stock,KRW,100,1,TRUE,삼아알미늄,KOSPI,KOSPI,,,,,kospi_master.csv
006120,SK디스커버리,KOSPI,kr_stock,KRW,100,1,TRUE,SK디스커버리,KOSPI,KOSPI,,,,,kospi_master.csv
006125,SK디스커버리우,KOSPI,kr_stock,KRW,100,1,TRUE,SK디스커버리우,KOSPI,KOSPI,,,,,kospi_master.csv
006200,한국전자홀딩스,KOSPI,kr_stock,KRW,100,1,TRUE,한국전자홀딩스,KOSPI,KOSPI,,,,,kospi_master.csv
006220,제주은행,KOSPI,kr_stock,KRW,100,1,TRUE,제주은행,KOSPI,KOSPI,,,,,kospi_master.csv
006260,LS,KOSPI,kr_stock,KRW,100,1,TRUE,LS,KOSPI,KOSPI,,,,,kospi_master.csv
006280,녹십자,KOSPI,kr_stock,KRW,100,1,TRUE,녹십자,KOSPI,KOSPI,,,,,kospi_master.csv
006340,대원전선,KOSPI,kr_stock,KRW,100,1,TRUE,대원전선,KOSPI,KOSPI,,,,,kospi_master.csv
006345,대원전선우,KOSPI,kr_stock,KRW,100,1,TRUE,대원전선우,KOSPI,KOSPI,,,,,kospi_master.csv
006360,GS건설,KOSPI,kr_stock,KRW,100,1,TRUE,GS건설,KOSPI,KOSPI,,,,,kospi_master.csv
006370,대구백화점,KOSPI,kr_stock,KRW,100,1,TRUE,대구백화점,KOSPI,KOSPI,,,,,kospi_master.csv
006380,카프로,KOSPI,kr_stock,KRW,100,1,TRUE,카프로,KOSPI,KOSPI,,,,,kospi_master.csv
006400,삼성SDI,KOSPI,kr_stock,KRW,100,1,TRUE,삼성SDI,KOSPI,KOSPI,,,,,kospi_master.csv
006405,삼성SDI우,KOSPI,kr_stock,KRW,100,1,TRUE,삼성SDI우,KOSPI,KOSPI,,,,,kospi_master.csv
006490,인스코비,KOSPI,kr_stock,KRW,100,1,TRUE,인스코비,KOSPI,KOSPI,,,,,kospi_master.csv
006570,대림통상,KOSPI,kr_stock,KRW,100,1,TRUE,대림통상,KOSPI,KOSPI,,,,,kospi_master.csv
006650,대한유화,KOSPI,kr_stock,KRW,100,1,TRUE,대한유화,KOSPI,KOSPI,,,,,kospi_master.csv
006660,삼성공조,KOSPI,kr_stock,KRW,100,1,TRUE,삼성공조,KOSPI,KOSPI,,,,,kospi_master.csv
006740,블루산업개발,KOSPI,kr_stock,KRW,100,1,TRUE,블루산업개발,KOSPI,KOSPI,,,,,kospi_master.csv
006800,미래에셋증권,KOSPI,kr_stock,KRW,100,1,TRUE,미래에셋증권,KOSPI,KOSPI,,,,,kospi_master.csv
006805,미래에셋증권우,KOSPI,kr_stock,KRW,100,1,TRUE,미래에셋증권우,KOSPI,KOSPI,,,,,kospi_master.csv
00680K,미래에셋증권2우B,KOSPI,kr_stock,KRW,100,1,TRUE,미래에셋증권2우B,KOSPI,KOSPI,,,,,kospi_master.csv
006840,AK홀딩스,KOSPI,kr_stock,KRW,100,1,TRUE,AK홀딩스,KOSPI,KOSPI,,,,,kospi_master.csv
006880,신송홀딩스,KOSPI,kr_stock,KRW,100,1,TRUE,신송홀딩스,KOSPI,KOSPI,,,,,kospi_master.csv
006890,태경케미컬,KOSPI,kr_stock,KRW,100,1,TRUE,태경케미컬,KOSPI,KOSPI,,,,,kospi_master.csv
006980,우성,KOSPI,kr_stock,KRW,100,1,TRUE,우성,KOSPI,KOSPI,,,,,kospi_master.csv
007070,GS리테일,KOSPI,kr_stock,KRW,100,1,TRUE,GS리테일,KOSPI,KOSPI,,,,,kospi_master.csv
007110,일신석재,KOSPI,kr_stock,KRW,100,1,TRUE,일신석재,KOSPI,KOSPI,,,,,kospi_master.csv
007120,미래아이앤지,KOSPI,kr_stock,KRW,100,1,TRUE,미래아이앤지,KOSPI,KOSPI,,,,,kospi_master.csv
007160,사조산업,KOSPI,kr_stock,KRW,100,1,TRUE,사조산업,KOSPI,KOSPI,,,,,kospi_master.csv
007210,벽산,KOSPI,kr_stock,KRW,100,1,TRUE,벽산,KOSPI,KOSPI,,,,,kospi_master.csv
007280,한국특강,KOSPI,kr_stock,KRW,100,1,TRUE,한국특강,KOSPI,KOSPI,,,,,kospi_master.csv
007310,오뚜기,KOSPI,kr_stock,KRW,100,1,TRUE,오뚜기,KOSPI,KOSPI,,,,,kospi_master.csv
007340,DN오토모티브,KOSPI,kr_stock,KRW,100,1,TRUE,DN오토모티브,KOSPI,KOSPI,,,,,kospi_master.csv
007460,에이프로젠,KOSPI,kr_stock,KRW,100,1,TRUE,에이프로젠,KOSPI,KOSPI,,,,,kospi_master.csv
007540,샘표,KOSPI,kr_stock,KRW,100,1,TRUE,샘표,KOSPI,KOSPI,,,,,kospi_master.csv
007570,일양약품,KOSPI,kr_stock,KRW,100,1,TRUE,일양약품,KOSPI,KOSPI,,,,,kospi_master.csv
007575,일양약품우,KOSPI,kr_stock,KRW,100,1,TRUE,일양약품우,KOSPI,KOSPI,,,,,kospi_master.csv
007590,동방아그로,KOSPI,kr_stock,KRW,100,1,TRUE,동방아그로,KOSPI,KOSPI,,,,,kospi_master.csv
007610,선도전기,KOSPI,kr_stock,KRW,100,1,TRUE,선도전기,KOSPI,KOSPI,,,,,kospi_master.csv
007660,이수페타시스,KOSPI,kr_stock,KRW,100,1,TRUE,이수페타시스,KOSPI,KOSPI,,,,,kospi_master.csv
007690,국도화학,KOSPI,kr_stock,KRW,100,1,TRUE,국도화학,KOSPI,KOSPI,,,,,kospi_master.csv
007700,F&F홀딩스,KOSPI,kr_stock,KRW,100,1,TRUE,F&F홀딩스,KOSPI,KOSPI,,,,,kospi_master.csv
007810,코리아써키트,KOSPI,kr_stock,KRW,100,1,TRUE,코리아써키트,KOSPI,KOSPI,,,,,kospi_master.csv
007815,코리아써우,KOSPI,kr_stock,KRW,100,1,TRUE,코리아써우,KOSPI,KOSPI,,,,,kospi_master.csv
00781K,코리아써키트2우B,KOSPI,kr_stock,KRW,100,1,TRUE,코리아써키트2우B,KOSPI,KOSPI,,,,,kospi_master.csv
007860,서연,KOSPI,kr_stock,KRW,100,1,TRUE,서연,KOSPI,KOSPI,,,,,kospi_master.csv
007980,TP,KOSPI,kr_stock,KRW,100,1,TRUE,TP,KOSPI,KOSPI,,,,,kospi_master.csv
008040,사조동아원,KOSPI,kr_stock,KRW,100,1,TRUE,사조동아원,KOSPI,KOSPI,,,,,kospi_master.csv
008060,대덕,KOSPI,kr_stock,KRW,100,1,TRUE,대덕,KOSPI,KOSPI,,,,,kospi_master.csv
00806K,대덕1우,KOSPI,kr_stock,KRW,100,1,TRUE,대덕1우,KOSPI,KOSPI,,,,,kospi_master.csv
008250,이건산업,KOSPI,kr_stock,KRW,100,1,TRUE,이건산업,KOSPI,KOSPI,,,,,kospi_master.csv
008260,NI스틸,KOSPI,kr_stock,KRW,100,1,TRUE,NI스틸,KOSPI,KOSPI,,,,,kospi_master.csv
008350,남선알미늄,KOSPI,kr_stock,KRW,100,1,TRUE,남선알미늄,KOSPI,KOSPI,,,,,kospi_master.csv
008355,남선알미우,KOSPI,kr_stock,KRW,100,1,TRUE,남선알미우,KOSPI,KOSPI,,,,,kospi_master.csv
008420,문배철강,KOSPI,kr_stock,KRW,100,1,TRUE,문배철강,KOSPI,KOSPI,,,,,kospi_master.csv
008490,서흥,KOSPI,kr_stock,KRW,100,1,TRUE,서흥,KOSPI,KOSPI,,,,,kospi_master.csv
008500,일정실업,KOSPI,kr_stock,KRW,100,1,TRUE,일정실업,KOSPI,KOSPI,,,,,kospi_master.csv
008600,윌비스,KOSPI,kr_stock,KRW,100,1,TRUE,윌비스,KOSPI,KOSPI,,,,,kospi_master.csv
008700,아남전자,KOSPI,kr_stock,KRW,100,1,TRUE,아남전자,KOSPI,KOSPI,,,,,kospi_master.csv
008730,율촌화학,KOSPI,kr_stock,KRW,100,1,TRUE,율촌화학,KOSPI,KOSPI,,,,,kospi_master.csv
008770,호텔신라,KOSPI,kr_stock,KRW,100,1,TRUE,호텔신라,KOSPI,KOSPI,,,,,kospi_master.csv
008775,호텔신라우,KOSPI,kr_stock,KRW,100,1,TRUE,호텔신라우,KOSPI,KOSPI,,,,,kospi_master.csv
008870,금비,KOSPI,kr_stock,KRW,100,1,TRUE,금비,KOSPI,KOSPI,,,,,kospi_master.csv
008930,한미사이언스,KOSPI,kr_stock,KRW,100,1,TRUE,한미사이언스,KOSPI,KOSPI,,,,,kospi_master.csv
008970,KBI동양철관,KOSPI,kr_stock,KRW,100,1,TRUE,KBI동양철관,KOSPI,KOSPI,,,,,kospi_master.csv
009070,KCTC,KOSPI,kr_stock,KRW,100,1,TRUE,KCTC,KOSPI,KOSPI,,,,,kospi_master.csv
009140,경인전자,KOSPI,kr_stock,KRW,100,1,TRUE,경인전자,KOSPI,KOSPI,,,,,kospi_master.csv
009150,삼성전기,KOSPI,kr_stock,KRW,100,1,TRUE,삼성전기,KOSPI,KOSPI,,,,,kospi_master.csv
009155,삼성전기우,KOSPI,kr_stock,KRW,100,1,TRUE,삼성전기우,KOSPI,KOSPI,,,,,kospi_master.csv
009160,SIMPAC,KOSPI,kr_stock,KRW,100,1,TRUE,SIMPAC,KOSPI,KOSPI,,,,,kospi_master.csv
009180,한솔로지스틱스,KOSPI,kr_stock,KRW,100,1,TRUE,한솔로지스틱스,KOSPI,KOSPI,,,,,kospi_master.csv
009190,대양금속,KOSPI,kr_stock,KRW,100,1,TRUE,대양금속,KOSPI,KOSPI,,,,,kospi_master.csv
009200,무림페이퍼,KOSPI,kr_stock,KRW,100,1,TRUE,무림페이퍼,KOSPI,KOSPI,,,,,kospi_master.csv
009240,한샘,KOSPI,kr_stock,KRW,100,1,TRUE,한샘,KOSPI,KOSPI,,,,,kospi_master.csv
009270,신원,KOSPI,kr_stock,KRW,100,1,TRUE,신원,KOSPI,KOSPI,,,,,kospi_master.csv
009290,광동제약,KOSPI,kr_stock,KRW,100,1,TRUE,광동제약,KOSPI,KOSPI,,,,,kospi_master.csv
009310,참엔지니어링,KOSPI,kr_stock,KRW,100,1,TRUE,참엔지니어링,KOSPI,KOSPI,,,,,kospi_master.csv
009320,아진전자부품,KOSPI,kr_stock,KRW,100,1,TRUE,아진전자부품,KOSPI,KOSPI,,,,,kospi_master.csv
009410,태영건설,KOSPI,kr_stock,KRW,100,1,TRUE,태영건설,KOSPI,KOSPI,,,,,kospi_master.csv
009415,태영건설우,KOSPI,kr_stock,KRW,100,1,TRUE,태영건설우,KOSPI,KOSPI,,,,,kospi_master.csv
009420,한올바이오파마,KOSPI,kr_stock,KRW,100,1,TRUE,한올바이오파마,KOSPI,KOSPI,,,,,kospi_master.csv
009440,KC그린홀딩스,KOSPI,kr_stock,KRW,100,1,TRUE,KC그린홀딩스,KOSPI,KOSPI,,,,,kospi_master.csv
009450,경동나비엔,KOSPI,kr_stock,KRW,100,1,TRUE,경동나비엔,KOSPI,KOSPI,,,,,kospi_master.csv
009460,한창제지,KOSPI,kr_stock,KRW,100,1,TRUE,한창제지,KOSPI,KOSPI,,,,,kospi_master.csv
009470,삼화전기,KOSPI,kr_stock,KRW,100,1,TRUE,삼화전기,KOSPI,KOSPI,,,,,kospi_master.csv
009540,HD한국조선해양,KOSPI,kr_stock,KRW,100,1,TRUE,HD한국조선해양,KOSPI,KOSPI,,,,,kospi_master.csv
009580,무림P&P,KOSPI,kr_stock,KRW,100,1,TRUE,무림P&P,KOSPI,KOSPI,,,,,kospi_master.csv
009680,모토닉,KOSPI,kr_stock,KRW,100,1,TRUE,모토닉,KOSPI,KOSPI,,,,,kospi_master.csv
009770,삼정펄프,KOSPI,kr_stock,KRW,100,1,TRUE,삼정펄프,KOSPI,KOSPI,,,,,kospi_master.csv
009810,플레이그램,KOSPI,kr_stock,KRW,100,1,TRUE,플레이그램,KOSPI,KOSPI,,,,,kospi_master.csv
009830,한화솔루션,KOSPI,kr_stock,KRW,100,1,TRUE,한화솔루션,KOSPI,KOSPI,,,,,kospi_master.csv
009835,한화솔루션우,KOSPI,kr_stock,KRW,100,1,TRUE,한화솔루션우,KOSPI,KOSPI,,,,,kospi_master.csv
009900,명신산업,KOSPI,kr_stock,KRW,100,1,TRUE,명신산업,KOSPI,KOSPI,,,,,kospi_master.csv
009970,영원무역홀딩스,KOSPI,kr_stock,KRW,100,1,TRUE,영원무역홀딩스,KOSPI,KOSPI,,,,,kospi_master.csv
010040,한국내화,KOSPI,kr_stock,KRW,100,1,TRUE,한국내화,KOSPI,KOSPI,,,,,kospi_master.csv
010060,OCI홀딩스,KOSPI,kr_stock,KRW,100,1,TRUE,OCI홀딩스,KOSPI,KOSPI,,,,,kospi_master.csv
010100,한국무브넥스,KOSPI,kr_stock,KRW,100,1,TRUE,한국무브넥스,KOSPI,KOSPI,,,,,kospi_master.csv
010120,LS ELECTRIC,KOSPI,kr_stock,KRW,100,1,TRUE,LS ELECTRIC,KOSPI,KOSPI,,,,,kospi_master.csv
010130,고려아연,KOSPI,kr_stock,KRW,100,1,TRUE,고려아연,KOSPI,KOSPI,,,,,kospi_master.csv
010140,삼성중공업,KOSPI,kr_stock,KRW,100,1,TRUE,삼성중공업,KOSPI,KOSPI,,,,,kospi_master.csv
010400,우진아이엔에스,KOSPI,kr_stock,KRW,100,1,TRUE,우진아이엔에스,KOSPI,KOSPI,,,,,kospi_master.csv
010580,에스엠벡셀,KOSPI,kr_stock,KRW,100,1,TRUE,에스엠벡셀,KOSPI,KOSPI,,,,,kospi_master.csv
010640,진양폴리,KOSPI,kr_stock,KRW,100,1,TRUE,진양폴리,KOSPI,KOSPI,,,,,kospi_master.csv
010660,화천기계,KOSPI,kr_stock,KRW,100,1,TRUE,화천기계,KOSPI,KOSPI,,,,,kospi_master.csv
010690,화신,KOSPI,kr_stock,KRW,100,1,TRUE,화신,KOSPI,KOSPI,,,,,kospi_master.csv
010770,평화홀딩스,KOSPI,kr_stock,KRW,100,1,TRUE,평화홀딩스,KOSPI,KOSPI,,,,,kospi_master.csv
010780,아이에스동서,KOSPI,kr_stock,KRW,100,1,TRUE,아이에스동서,KOSPI,KOSPI,,,,,kospi_master.csv
010820,퍼스텍,KOSPI,kr_stock,KRW,100,1,TRUE,퍼스텍,KOSPI,KOSPI,,,,,kospi_master.csv
010950,S-Oil,KOSPI,kr_stock,KRW,100,1,TRUE,S-Oil,KOSPI,KOSPI,,,,,kospi_master.csv
010955,S-Oil우,KOSPI,kr_stock,KRW,100,1,TRUE,S-Oil우,KOSPI,KOSPI,,,,,kospi_master.csv
010960,삼호개발,KOSPI,kr_stock,KRW,100,1,TRUE,삼호개발,KOSPI,KOSPI,,,,,kospi_master.csv
011000,진원생명과학,KOSPI,kr_stock,KRW,100,1,TRUE,진원생명과학,KOSPI,KOSPI,,,,,kospi_master.csv
011070,LG이노텍,KOSPI,kr_stock,KRW,100,1,TRUE,LG이노텍,KOSPI,KOSPI,,,,,kospi_master.csv
011090,에넥스,KOSPI,kr_stock,KRW,100,1,TRUE,에넥스,KOSPI,KOSPI,,,,,kospi_master.csv
011150,CJ씨푸드,KOSPI,kr_stock,KRW,100,1,TRUE,CJ씨푸드,KOSPI,KOSPI,,,,,kospi_master.csv
011155,CJ씨푸드1우,KOSPI,kr_stock,KRW,100,1,TRUE,CJ씨푸드1우,KOSPI,KOSPI,,,,,kospi_master.csv
011170,롯데케미칼,KOSPI,kr_stock,KRW,100,1,TRUE,롯데케미칼,KOSPI,KOSPI,,,,,kospi_master.csv
011200,HMM,KOSPI,kr_stock,KRW,100,1,TRUE,HMM,KOSPI,KOSPI,,,,,kospi_master.csv
011210,현대위아,KOSPI,kr_stock,KRW,100,1,TRUE,현대위아,KOSPI,KOSPI,,,,,kospi_master.csv
011230,삼화전자,KOSPI,kr_stock,KRW,100,1,TRUE,삼화전자,KOSPI,KOSPI,,,,,kospi_master.csv
011280,태림포장,KOSPI,kr_stock,KRW,100,1,TRUE,태림포장,KOSPI,KOSPI,,,,,kospi_master.csv
011300,우성머티리얼스,KOSPI,kr_stock,KRW,100,1,TRUE,우성머티리얼스,KOSPI,KOSPI,,,,,kospi_master.csv
011330,유니켐,KOSPI,kr_stock,KRW,100,1,TRUE,유니켐,KOSPI,KOSPI,,,,,kospi_master.csv
011390,부산산업,KOSPI,kr_stock,KRW,100,1,TRUE,부산산업,KOSPI,KOSPI,,,,,kospi_master.csv
011420,갤럭시아에스엠,KOSPI,kr_stock,KRW,100,1,TRUE,갤럭시아에스엠,KOSPI,KOSPI,,,,,kospi_master.csv
011500,한농화성,KOSPI,kr_stock,KRW,100,1,TRUE,한농화성,KOSPI,KOSPI,,,,,kospi_master.csv
011690,와이투솔루션,KOSPI,kr_stock,KRW,100,1,TRUE,와이투솔루션,KOSPI,KOSPI,,,,,kospi_master.csv
011700,한신기계,KOSPI,kr_stock,KRW,100,1,TRUE,한신기계,KOSPI,KOSPI,,,,,kospi_master.csv
011760,현대코퍼레이션,KOSPI,kr_stock,KRW,100,1,TRUE,현대코퍼레이션,KOSPI,KOSPI,,,,,kospi_master.csv
011780,금호석유화학,KOSPI,kr_stock,KRW,100,1,TRUE,금호석유화학,KOSPI,KOSPI,,,,,kospi_master.csv
011785,금호석유화학우,KOSPI,kr_stock,KRW,100,1,TRUE,금호석유화학우,KOSPI,KOSPI,,,,,kospi_master.csv
011790,SKC,KOSPI,kr_stock,KRW,100,1,TRUE,SKC,KOSPI,KOSPI,,,,,kospi_master.csv
011810,STX,KOSPI,kr_stock,KRW,100,1,TRUE,STX,KOSPI,KOSPI,,,,,kospi_master.csv
011930,신성이엔지,KOSPI,kr_stock,KRW,100,1,TRUE,신성이엔지,KOSPI,KOSPI,,,,,kospi_master.csv
012030,DB,KOSPI,kr_stock,KRW,100,1,TRUE,DB,KOSPI,KOSPI,,,,,kospi_master.csv
0120G0,삼양바이오팜,KOSPI,kr_stock,KRW,100,1,TRUE,삼양바이오팜,KOSPI,KOSPI,,,,,kospi_master.csv
012160,영흥,KOSPI,kr_stock,KRW,100,1,TRUE,영흥,KOSPI,KOSPI,,,,,kospi_master.csv
012170,아센디오,KOSPI,kr_stock,KRW,100,1,TRUE,아센디오,KOSPI,KOSPI,,,,,kospi_master.csv
012200,계양전기,KOSPI,kr_stock,KRW,100,1,TRUE,계양전기,KOSPI,KOSPI,,,,,kospi_master.csv
012205,계양전기우,KOSPI,kr_stock,KRW,100,1,TRUE,계양전기우,KOSPI,KOSPI,,,,,kospi_master.csv
012280,영화금속,KOSPI,kr_stock,KRW,100,1,TRUE,영화금속,KOSPI,KOSPI,,,,,kospi_master.csv
012320,경동인베스트,KOSPI,kr_stock,KRW,100,1,TRUE,경동인베스트,KOSPI,KOSPI,,,,,kospi_master.csv
012330,현대모비스,KOSPI,kr_stock,KRW,100,1,TRUE,현대모비스,KOSPI,KOSPI,,,,,kospi_master.csv
012450,한화에어로스페이스,KOSPI,kr_stock,KRW,100,1,TRUE,한화에어로스페이스,KOSPI,KOSPI,,,,,kospi_master.csv
012510,더존비즈온,KOSPI,kr_stock,KRW,100,1,TRUE,더존비즈온,KOSPI,KOSPI,,,,,kospi_master.csv
012610,경인양행,KOSPI,kr_stock,KRW,100,1,TRUE,경인양행,KOSPI,KOSPI,,,,,kospi_master.csv
012630,HDC,KOSPI,kr_stock,KRW,100,1,TRUE,HDC,KOSPI,KOSPI,,,,,kospi_master.csv
012690,모나리자,KOSPI,kr_stock,KRW,100,1,TRUE,모나리자,KOSPI,KOSPI,,,,,kospi_master.csv
0126Z0,삼성에피스홀딩스,KOSPI,kr_stock,KRW,100,1,TRUE,삼성에피스홀딩스,KOSPI,KOSPI,,,,,kospi_master.csv
012750,에스원,KOSPI,kr_stock,KRW,100,1,TRUE,에스원,KOSPI,KOSPI,,,,,kospi_master.csv
012800,대창,KOSPI,kr_stock,KRW,100,1,TRUE,대창,KOSPI,KOSPI,,,,,kospi_master.csv
013000,세우글로벌,KOSPI,kr_stock,KRW,100,1,TRUE,세우글로벌,KOSPI,KOSPI,,,,,kospi_master.csv
013360,일성건설,KOSPI,kr_stock,KRW,100,1,TRUE,일성건설,KOSPI,KOSPI,,,,,kospi_master.csv
013520,화승코퍼레이션,KOSPI,kr_stock,KRW,100,1,TRUE,화승코퍼레이션,KOSPI,KOSPI,,,,,kospi_master.csv
013570,디와이,KOSPI,kr_stock,KRW,100,1,TRUE,디와이,KOSPI,KOSPI,,,,,kospi_master.csv
013580,계룡건설,KOSPI,kr_stock,KRW,100,1,TRUE,계룡건설,KOSPI,KOSPI,,,,,kospi_master.csv
013700,까뮤이앤씨,KOSPI,kr_stock,KRW,100,1,TRUE,까뮤이앤씨,KOSPI,KOSPI,,,,,kospi_master.csv
013870,지엠비코리아,KOSPI,kr_stock,KRW,100,1,TRUE,지엠비코리아,KOSPI,KOSPI,,,,,kospi_master.csv
013890,지누스,KOSPI,kr_stock,KRW,100,1,TRUE,지누스,KOSPI,KOSPI,,,,,kospi_master.csv
014130,한익스프레스,KOSPI,kr_stock,KRW,100,1,TRUE,한익스프레스,KOSPI,KOSPI,,,,,kospi_master.csv
014160,대영포장,KOSPI,kr_stock,KRW,100,1,TRUE,대영포장,KOSPI,KOSPI,,,,,kospi_master.csv
014280,금강공업,KOSPI,kr_stock,KRW,100,1,TRUE,금강공업,KOSPI,KOSPI,,,,,kospi_master.csv
014285,금강공업우,KOSPI,kr_stock,KRW,100,1,TRUE,금강공업우,KOSPI,KOSPI,,,,,kospi_master.csv
014440,영보화학,KOSPI,kr_stock,KRW,100,1,TRUE,영보화학,KOSPI,KOSPI,,,,,kospi_master.csv
014530,극동유화,KOSPI,kr_stock,KRW,100,1,TRUE,극동유화,KOSPI,KOSPI,,,,,kospi_master.csv
014580,태경비케이,KOSPI,kr_stock,KRW,100,1,TRUE,태경비케이,KOSPI,KOSPI,,,,,kospi_master.csv
014680,한솔케미칼,KOSPI,kr_stock,KRW,100,1,TRUE,한솔케미칼,KOSPI,KOSPI,,,,,kospi_master.csv
014710,사조씨푸드,KOSPI,kr_stock,KRW,100,1,TRUE,사조씨푸드,KOSPI,KOSPI,,,,,kospi_master.csv
014790,HL D&I,KOSPI,kr_stock,KRW,100,1,TRUE,HL D&I,KOSPI,KOSPI,,,,,kospi_master.csv
014820,동원시스템즈,KOSPI,kr_stock,KRW,100,1,TRUE,동원시스템즈,KOSPI,KOSPI,,,,,kospi_master.csv
014825,동원시스템즈우,KOSPI,kr_stock,KRW,100,1,TRUE,동원시스템즈우,KOSPI,KOSPI,,,,,kospi_master.csv
014830,유니드,KOSPI,kr_stock,KRW,100,1,TRUE,유니드,KOSPI,KOSPI,,,,,kospi_master.csv
014910,성문전자,KOSPI,kr_stock,KRW,100,1,TRUE,성문전자,KOSPI,KOSPI,,,,,kospi_master.csv
014915,성문전자우,KOSPI,kr_stock,KRW,100,1,TRUE,성문전자우,KOSPI,KOSPI,,,,,kospi_master.csv
014990,인디에프,KOSPI,kr_stock,KRW,100,1,TRUE,인디에프,KOSPI,KOSPI,,,,,kospi_master.csv
015020,이스타코,KOSPI,kr_stock,KRW,100,1,TRUE,이스타코,KOSPI,KOSPI,,,,,kospi_master.csv
015230,대창단조,KOSPI,kr_stock,KRW,100,1,TRUE,대창단조,KOSPI,KOSPI,,,,,kospi_master.csv
015260,에이엔피,KOSPI,kr_stock,KRW,100,1,TRUE,에이엔피,KOSPI,KOSPI,,,,,kospi_master.csv
015360,INVENI,KOSPI,kr_stock,KRW,100,1,TRUE,INVENI,KOSPI,KOSPI,,,,,kospi_master.csv
015590,DKME,KOSPI,kr_stock,KRW,100,1,TRUE,DKME,KOSPI,KOSPI,,,,,kospi_master.csv
015760,한국전력,KOSPI,kr_stock,KRW,100,1,TRUE,한국전력,KOSPI,KOSPI,,,,,kospi_master.csv
015860,일진홀딩스,KOSPI,kr_stock,KRW,100,1,TRUE,일진홀딩스,KOSPI,KOSPI,,,,,kospi_master.csv
015890,태경산업,KOSPI,kr_stock,KRW,100,1,TRUE,태경산업,KOSPI,KOSPI,,,,,kospi_master.csv
016090,대현,KOSPI,kr_stock,KRW,100,1,TRUE,대현,KOSPI,KOSPI,,,,,kospi_master.csv
016360,삼성증권,KOSPI,kr_stock,KRW,100,1,TRUE,삼성증권,KOSPI,KOSPI,,,,,kospi_master.csv
016380,KG스틸,KOSPI,kr_stock,KRW,100,1,TRUE,KG스틸,KOSPI,KOSPI,,,,,kospi_master.csv
016450,한세예스24홀딩스,KOSPI,kr_stock,KRW,100,1,TRUE,한세예스24홀딩스,KOSPI,KOSPI,,,,,kospi_master.csv
016580,환인제약,KOSPI,kr_stock,KRW,100,1,TRUE,환인제약,KOSPI,KOSPI,,,,,kospi_master.csv
016590,신대양제지,KOSPI,kr_stock,KRW,100,1,TRUE,신대양제지,KOSPI,KOSPI,,,,,kospi_master.csv
016610,DB증권,KOSPI,kr_stock,KRW,100,1,TRUE,DB증권,KOSPI,KOSPI,,,,,kospi_master.csv
016710,대성홀딩스,KOSPI,kr_stock,KRW,100,1,TRUE,대성홀딩스,KOSPI,KOSPI,,,,,kospi_master.csv
016740,두올,KOSPI,kr_stock,KRW,100,1,TRUE,두올,KOSPI,KOSPI,,,,,kospi_master.csv
016800,퍼시스,KOSPI,kr_stock,KRW,100,1,TRUE,퍼시스,KOSPI,KOSPI,,,,,kospi_master.csv
016880,웅진,KOSPI,kr_stock,KRW,100,1,TRUE,웅진,KOSPI,KOSPI,,,,,kospi_master.csv
017040,광명전기,KOSPI,kr_stock,KRW,100,1,TRUE,광명전기,KOSPI,KOSPI,,,,,kospi_master.csv
017180,명문제약,KOSPI,kr_stock,KRW,100,1,TRUE,명문제약,KOSPI,KOSPI,,,,,kospi_master.csv
017370,우신시스템,KOSPI,kr_stock,KRW,100,1,TRUE,우신시스템,KOSPI,KOSPI,,,,,kospi_master.csv
017390,서울가스,KOSPI,kr_stock,KRW,100,1,TRUE,서울가스,KOSPI,KOSPI,,,,,kospi_master.csv
017550,수산세보틱스,KOSPI,kr_stock,KRW,100,1,TRUE,수산세보틱스,KOSPI,KOSPI,,,,,kospi_master.csv
017670,SK텔레콤,KOSPI,kr_stock,KRW,100,1,TRUE,SK텔레콤,KOSPI,KOSPI,,,,,kospi_master.csv
017800,현대엘리베이터,KOSPI,kr_stock,KRW,100,1,TRUE,현대엘리베이터,KOSPI,KOSPI,,,,,kospi_master.csv
017810,풀무원,KOSPI,kr_stock,KRW,100,1,TRUE,풀무원,KOSPI,KOSPI,,,,,kospi_master.csv
017860,DS단석,KOSPI,kr_stock,KRW,100,1,TRUE,DS단석,KOSPI,KOSPI,,,,,kospi_master.csv
017900,광전자,KOSPI,kr_stock,KRW,100,1,TRUE,광전자,KOSPI,KOSPI,,,,,kospi_master.csv
017940,E1,KOSPI,kr_stock,KRW,100,1,TRUE,E1,KOSPI,KOSPI,,,,,kospi_master.csv
017960,한국카본,KOSPI,kr_stock,KRW,100,1,TRUE,한국카본,KOSPI,KOSPI,,,,,kospi_master.csv
018250,애경산업,KOSPI,kr_stock,KRW,100,1,TRUE,애경산업,KOSPI,KOSPI,,,,,kospi_master.csv
018260,삼성에스디에스,KOSPI,kr_stock,KRW,100,1,TRUE,삼성에스디에스,KOSPI,KOSPI,,,,,kospi_master.csv
018470,조일알미늄,KOSPI,kr_stock,KRW,100,1,TRUE,조일알미늄,KOSPI,KOSPI,,,,,kospi_master.csv
018500,동원금속,KOSPI,kr_stock,KRW,100,1,TRUE,동원금속,KOSPI,KOSPI,,,,,kospi_master.csv
018670,SK가스,KOSPI,kr_stock,KRW,100,1,TRUE,SK가스,KOSPI,KOSPI,,,,,kospi_master.csv
018880,한온시스템,KOSPI,kr_stock,KRW,100,1,TRUE,한온시스템,KOSPI,KOSPI,,,,,kospi_master.csv
019170,신풍제약,KOSPI,kr_stock,KRW,100,1,TRUE,신풍제약,KOSPI,KOSPI,,,,,kospi_master.csv
019175,신풍제약우,KOSPI,kr_stock,KRW,100,1,TRUE,신풍제약우,KOSPI,KOSPI,,,,,kospi_master.csv
019180,티에이치엔,KOSPI,kr_stock,KRW,100,1,TRUE,티에이치엔,KOSPI,KOSPI,,,,,kospi_master.csv
019490,엑시큐어하이트론,KOSPI,kr_stock,KRW,100,1,TRUE,엑시큐어하이트론,KOSPI,KOSPI,,,,,kospi_master.csv
019680,대교,KOSPI,kr_stock,KRW,100,1,TRUE,대교,KOSPI,KOSPI,,,,,kospi_master.csv
019685,대교우B,KOSPI,kr_stock,KRW,100,1,TRUE,대교우B,KOSPI,KOSPI,,,,,kospi_master.csv
020000,한섬,KOSPI,kr_stock,KRW,100,1,TRUE,한섬,KOSPI,KOSPI,,,,,kospi_master.csv
020120,키다리스튜디오,KOSPI,kr_stock,KRW,100,1,TRUE,키다리스튜디오,KOSPI,KOSPI,,,,,kospi_master.csv
020150,롯데에너지머티리얼즈,KOSPI,kr_stock,KRW,100,1,TRUE,롯데에너지머티리얼즈,KOSPI,KOSPI,,,,,kospi_master.csv
020560,아시아나항공,KOSPI,kr_stock,KRW,100,1,TRUE,아시아나항공,KOSPI,KOSPI,,,,,kospi_master.csv
020760,일진디스플,KOSPI,kr_stock,KRW,100,1,TRUE,일진디스플,KOSPI,KOSPI,,,,,kospi_master.csv
021050,서원,KOSPI,kr_stock,KRW,100,1,TRUE,서원,KOSPI,KOSPI,,,,,kospi_master.csv
021240,코웨이,KOSPI,kr_stock,KRW,100,1,TRUE,코웨이,KOSPI,KOSPI,,,,,kospi_master.csv
021820,세원정공,KOSPI,kr_stock,KRW,100,1,TRUE,세원정공,KOSPI,KOSPI,,,,,kospi_master.csv
022100,포스코DX,KOSPI,kr_stock,KRW,100,1,TRUE,포스코DX,KOSPI,KOSPI,,,,,kospi_master.csv
023000,삼원강재,KOSPI,kr_stock,KRW,100,1,TRUE,삼원강재,KOSPI,KOSPI,,,,,kospi_master.csv
023150,MH에탄올,KOSPI,kr_stock,KRW,100,1,TRUE,MH에탄올,KOSPI,KOSPI,,,,,kospi_master.csv
023350,한국종합기술,KOSPI,kr_stock,KRW,100,1,TRUE,한국종합기술,KOSPI,KOSPI,,,,,kospi_master.csv
023450,동남합성,KOSPI,kr_stock,KRW,100,1,TRUE,동남합성,KOSPI,KOSPI,,,,,kospi_master.csv
023530,롯데쇼핑,KOSPI,kr_stock,KRW,100,1,TRUE,롯데쇼핑,KOSPI,KOSPI,,,,,kospi_master.csv
023590,다우기술,KOSPI,kr_stock,KRW,100,1,TRUE,다우기술,KOSPI,KOSPI,,,,,kospi_master.csv
023800,인지컨트롤스,KOSPI,kr_stock,KRW,100,1,TRUE,인지컨트롤스,KOSPI,KOSPI,,,,,kospi_master.csv
023810,인팩,KOSPI,kr_stock,KRW,100,1,TRUE,인팩,KOSPI,KOSPI,,,,,kospi_master.csv
023960,에쓰씨엔지니어링,KOSPI,kr_stock,KRW,100,1,TRUE,에쓰씨엔지니어링,KOSPI,KOSPI,,,,,kospi_master.csv
024070,WISCOM,KOSPI,kr_stock,KRW,100,1,TRUE,WISCOM,KOSPI,KOSPI,,,,,kospi_master.csv
024090,디씨엠,KOSPI,kr_stock,KRW,100,1,TRUE,디씨엠,KOSPI,KOSPI,,,,,kospi_master.csv
024110,기업은행,KOSPI,kr_stock,KRW,100,1,TRUE,기업은행,KOSPI,KOSPI,,,,,kospi_master.csv
024720,콜마홀딩스,KOSPI,kr_stock,KRW,100,1,TRUE,콜마홀딩스,KOSPI,KOSPI,,,,,kospi_master.csv
024890,대원화성,KOSPI,kr_stock,KRW,100,1,TRUE,대원화성,KOSPI,KOSPI,,,,,kospi_master.csv
024900,디와이덕양,KOSPI,kr_stock,KRW,100,1,TRUE,디와이덕양,KOSPI,KOSPI,,,,,kospi_master.csv
025000,KPX케미칼,KOSPI,kr_stock,KRW,100,1,TRUE,KPX케미칼,KOSPI,KOSPI,,,,,kospi_master.csv
025530,SJM홀딩스,KOSPI,kr_stock,KRW,100,1,TRUE,SJM홀딩스,KOSPI,KOSPI,,,,,kospi_master.csv
025540,한국단자,KOSPI,kr_stock,KRW,100,1,TRUE,한국단자,KOSPI,KOSPI,,,,,kospi_master.csv
025560,미래산업,KOSPI,kr_stock,KRW,100,1,TRUE,미래산업,KOSPI,KOSPI,,,,,kospi_master.csv
025620,차AI헬스케어,KOSPI,kr_stock,KRW,100,1,TRUE,차AI헬스케어,KOSPI,KOSPI,,,,,kospi_master.csv
025750,한솔홈데코,KOSPI,kr_stock,KRW,100,1,TRUE,한솔홈데코,KOSPI,KOSPI,,,,,kospi_master.csv
025820,이구산업,KOSPI,kr_stock,KRW,100,1,TRUE,이구산업,KOSPI,KOSPI,,,,,kospi_master.csv
025860,남해화학,KOSPI,kr_stock,KRW,100,1,TRUE,남해화학,KOSPI,KOSPI,,,,,kospi_master.csv
025890,한국주강,KOSPI,kr_stock,KRW,100,1,TRUE,한국주강,KOSPI,KOSPI,,,,,kospi_master.csv
026890,스틱인베스트먼트,KOSPI,kr_stock,KRW,100,1,TRUE,스틱인베스트먼트,KOSPI,KOSPI,,,,,kospi_master.csv
026940,부국철강,KOSPI,kr_stock,KRW,100,1,TRUE,부국철강,KOSPI,KOSPI,,,,,kospi_master.csv
026960,동서,KOSPI,kr_stock,KRW,100,1,TRUE,동서,KOSPI,KOSPI,,,,,kospi_master.csv
027410,BGF,KOSPI,kr_stock,KRW,100,1,TRUE,BGF,KOSPI,KOSPI,,,,,kospi_master.csv
027740,마니커,KOSPI,kr_stock,KRW,100,1,TRUE,마니커,KOSPI,KOSPI,,,,,kospi_master.csv
027970,한국제지,KOSPI,kr_stock,KRW,100,1,TRUE,한국제지,KOSPI,KOSPI,,,,,kospi_master.csv
028050,삼성E&A,KOSPI,kr_stock,KRW,100,1,TRUE,삼성E&A,KOSPI,KOSPI,,,,,kospi_master.csv
028100,동아지질,KOSPI,kr_stock,KRW,100,1,TRUE,동아지질,KOSPI,KOSPI,,,,,kospi_master.csv
028260,삼성물산,KOSPI,kr_stock,KRW,100,1,TRUE,삼성물산,KOSPI,KOSPI,,,,,kospi_master.csv
02826K,삼성물산우B,KOSPI,kr_stock,KRW,100,1,TRUE,삼성물산우B,KOSPI,KOSPI,,,,,kospi_master.csv
028670,팬오션,KOSPI,kr_stock,KRW,100,1,TRUE,팬오션,KOSPI,KOSPI,,,,,kospi_master.csv
029460,케이씨,KOSPI,kr_stock,KRW,100,1,TRUE,케이씨,KOSPI,KOSPI,,,,,kospi_master.csv
029530,신도리코,KOSPI,kr_stock,KRW,100,1,TRUE,신도리코,KOSPI,KOSPI,,,,,kospi_master.csv
029780,삼성카드,KOSPI,kr_stock,KRW,100,1,TRUE,삼성카드,KOSPI,KOSPI,,,,,kospi_master.csv
030000,제일기획,KOSPI,kr_stock,KRW,100,1,TRUE,제일기획,KOSPI,KOSPI,,,,,kospi_master.csv
030190,NICE평가정보,KOSPI,kr_stock,KRW,100,1,TRUE,NICE평가정보,KOSPI,KOSPI,,,,,kospi_master.csv
030200,KT,KOSPI,kr_stock,KRW,100,1,TRUE,KT,KOSPI,KOSPI,,,,,kospi_master.csv
030210,다올투자증권,KOSPI,kr_stock,KRW,100,1,TRUE,다올투자증권,KOSPI,KOSPI,,,,,kospi_master.csv
030610,교보증권,KOSPI,kr_stock,KRW,100,1,TRUE,교보증권,KOSPI,KOSPI,,,,,kospi_master.csv
030720,동원수산,KOSPI,kr_stock,KRW,100,1,TRUE,동원수산,KOSPI,KOSPI,,,,,kospi_master.csv
031210,서울보증보험,KOSPI,kr_stock,KRW,100,1,TRUE,서울보증보험,KOSPI,KOSPI,,,,,kospi_master.csv
031430,신세계인터내셔날,KOSPI,kr_stock,KRW,100,1,TRUE,신세계인터내셔날,KOSPI,KOSPI,,,,,kospi_master.csv
031440,신세계푸드,KOSPI,kr_stock,KRW,100,1,TRUE,신세계푸드,KOSPI,KOSPI,,,,,kospi_master.csv
031820,아이티센씨티에스,KOSPI,kr_stock,KRW,100,1,TRUE,아이티센씨티에스,KOSPI,KOSPI,,,,,kospi_master.csv
032350,롯데관광개발,KOSPI,kr_stock,KRW,100,1,TRUE,롯데관광개발,KOSPI,KOSPI,,,,,kospi_master.csv
032560,황금에스티,KOSPI,kr_stock,KRW,100,1,TRUE,황금에스티,KOSPI,KOSPI,,,,,kospi_master.csv
032640,LG유플러스,KOSPI,kr_stock,KRW,100,1,TRUE,LG유플러스,KOSPI,KOSPI,,,,,kospi_master.csv
032830,삼성생명,KOSPI,kr_stock,KRW,100,1,TRUE,삼성생명,KOSPI,KOSPI,,,,,kospi_master.csv
033240,자화전자,KOSPI,kr_stock,KRW,100,1,TRUE,자화전자,KOSPI,KOSPI,,,,,kospi_master.csv
033250,체시스,KOSPI,kr_stock,KRW,100,1,TRUE,체시스,KOSPI,KOSPI,,,,,kospi_master.csv
033270,유나이티드제약,KOSPI,kr_stock,KRW,100,1,TRUE,유나이티드제약,KOSPI,KOSPI,,,,,kospi_master.csv
033530,SJG세종,KOSPI,kr_stock,KRW,100,1,TRUE,SJG세종,KOSPI,KOSPI,,,,,kospi_master.csv
033780,KT&G,KOSPI,kr_stock,KRW,100,1,TRUE,KT&G,KOSPI,KOSPI,,,,,kospi_master.csv
033920,무학,KOSPI,kr_stock,KRW,100,1,TRUE,무학,KOSPI,KOSPI,,,,,kospi_master.csv
034020,두산에너빌리티,KOSPI,kr_stock,KRW,100,1,TRUE,두산에너빌리티,KOSPI,KOSPI,,,,,kospi_master.csv
034120,SBS,KOSPI,kr_stock,KRW,100,1,TRUE,SBS,KOSPI,KOSPI,,,,,kospi_master.csv
034220,LG디스플레이,KOSPI,kr_stock,KRW,100,1,TRUE,LG디스플레이,KOSPI,KOSPI,,,,,kospi_master.csv
034230,파라다이스,KOSPI,kr_stock,KRW,100,1,TRUE,파라다이스,KOSPI,KOSPI,,,,,kospi_master.csv
034310,NICE,KOSPI,kr_stock,KRW,100,1,TRUE,NICE,KOSPI,KOSPI,,,,,kospi_master.csv
034590,인천도시가스,KOSPI,kr_stock,KRW,100,1,TRUE,인천도시가스,KOSPI,KOSPI,,,,,kospi_master.csv
034730,SK,KOSPI,kr_stock,KRW,100,1,TRUE,SK,KOSPI,KOSPI,,,,,kospi_master.csv
03473K,SK우,KOSPI,kr_stock,KRW,100,1,TRUE,SK우,KOSPI,KOSPI,,,,,kospi_master.csv
034830,한국토지신탁,KOSPI,kr_stock,KRW,100,1,TRUE,한국토지신탁,KOSPI,KOSPI,,,,,kospi_master.csv
035000,HS애드,KOSPI,kr_stock,KRW,100,1,TRUE,HS애드,KOSPI,KOSPI,,,,,kospi_master.csv
035150,백산,KOSPI,kr_stock,KRW,100,1,TRUE,백산,KOSPI,KOSPI,,,,,kospi_master.csv
035250,강원랜드,KOSPI,kr_stock,KRW,100,1,TRUE,강원랜드,KOSPI,KOSPI,,,,,kospi_master.csv
035420,NAVER,KOSPI,kr_stock,KRW,100,1,TRUE,NAVER,KOSPI,KOSPI,,,,,kospi_master.csv
035510,신세계 I&C,KOSPI,kr_stock,KRW,100,1,TRUE,신세계 I&C,KOSPI,KOSPI,,,,,kospi_master.csv
035720,카카오,KOSPI,kr_stock,KRW,100,1,TRUE,카카오,KOSPI,KOSPI,,,,,kospi_master.csv
036420,콘텐트리중앙,KOSPI,kr_stock,KRW,100,1,TRUE,콘텐트리중앙,KOSPI,KOSPI,,,,,kospi_master.csv
036460,한국가스공사,KOSPI,kr_stock,KRW,100,1,TRUE,한국가스공사,KOSPI,KOSPI,,,,,kospi_master.csv
036530,SNT홀딩스,KOSPI,kr_stock,KRW,100,1,TRUE,SNT홀딩스,KOSPI,KOSPI,,,,,kospi_master.csv
036570,NC,KOSPI,kr_stock,KRW,100,1,TRUE,NC,KOSPI,KOSPI,,,,,kospi_master.csv
036580,팜스코,KOSPI,kr_stock,KRW,100,1,TRUE,팜스코,KOSPI,KOSPI,,,,,kospi_master.csv
037270,YG PLUS,KOSPI,kr_stock,KRW,100,1,TRUE,YG PLUS,KOSPI,KOSPI,,,,,kospi_master.csv
037560,LG헬로비전,KOSPI,kr_stock,KRW,100,1,TRUE,LG헬로비전,KOSPI,KOSPI,,,,,kospi_master.csv
037710,광주신세계,KOSPI,kr_stock,KRW,100,1,TRUE,광주신세계,KOSPI,KOSPI,,,,,kospi_master.csv
039130,하나투어,KOSPI,kr_stock,KRW,100,1,TRUE,하나투어,KOSPI,KOSPI,,,,,kospi_master.csv
039490,키움증권,KOSPI,kr_stock,KRW,100,1,TRUE,키움증권,KOSPI,KOSPI,,,,,kospi_master.csv
039570,HDC랩스,KOSPI,kr_stock,KRW,100,1,TRUE,HDC랩스,KOSPI,KOSPI,,,,,kospi_master.csv
041650,상신브레이크,KOSPI,kr_stock,KRW,100,1,TRUE,상신브레이크,KOSPI,KOSPI,,,,,kospi_master.csv
042660,한화오션,KOSPI,kr_stock,KRW,100,1,TRUE,한화오션,KOSPI,KOSPI,,,,,kospi_master.csv
042700,한미반도체,KOSPI,kr_stock,KRW,100,1,TRUE,한미반도체,KOSPI,KOSPI,,,,,kospi_master.csv
044380,주연테크,KOSPI,kr_stock,KRW,100,1,TRUE,주연테크,KOSPI,KOSPI,,,,,kospi_master.csv
044450,KSS해운,KOSPI,kr_stock,KRW,100,1,TRUE,KSS해운,KOSPI,KOSPI,,,,,kospi_master.csv
044820,코스맥스비티아이,KOSPI,kr_stock,KRW,100,1,TRUE,코스맥스비티아이,KOSPI,KOSPI,,,,,kospi_master.csv
047040,대우건설,KOSPI,kr_stock,KRW,100,1,TRUE,대우건설,KOSPI,KOSPI,,,,,kospi_master.csv
047050,포스코인터내셔널,KOSPI,kr_stock,KRW,100,1,TRUE,포스코인터내셔널,KOSPI,KOSPI,,,,,kospi_master.csv
047400,유니온머티리얼,KOSPI,kr_stock,KRW,100,1,TRUE,유니온머티리얼,KOSPI,KOSPI,,,,,kospi_master.csv
047810,한국항공우주,KOSPI,kr_stock,KRW,100,1,TRUE,한국항공우주,KOSPI,KOSPI,,,,,kospi_master.csv
049800,우진플라임,KOSPI,kr_stock,KRW,100,1,TRUE,우진플라임,KOSPI,KOSPI,,,,,kospi_master.csv
051600,한전KPS,KOSPI,kr_stock,KRW,100,1,TRUE,한전KPS,KOSPI,KOSPI,,,,,kospi_master.csv
051630,진양화학,KOSPI,kr_stock,KRW,100,1,TRUE,진양화학,KOSPI,KOSPI,,,,,kospi_master.csv
051900,LG생활건강,KOSPI,kr_stock,KRW,100,1,TRUE,LG생활건강,KOSPI,KOSPI,,,,,kospi_master.csv
051905,LG생활건강우,KOSPI,kr_stock,KRW,100,1,TRUE,LG생활건강우,KOSPI,KOSPI,,,,,kospi_master.csv
051910,LG화학,KOSPI,kr_stock,KRW,100,1,TRUE,LG화학,KOSPI,KOSPI,,,,,kospi_master.csv
051915,LG화학우,KOSPI,kr_stock,KRW,100,1,TRUE,LG화학우,KOSPI,KOSPI,,,,,kospi_master.csv
052690,한전기술,KOSPI,kr_stock,KRW,100,1,TRUE,한전기술,KOSPI,KOSPI,,,,,kospi_master.csv
053210,스카이라이프,KOSPI,kr_stock,KRW,100,1,TRUE,스카이라이프,KOSPI,KOSPI,,,,,kospi_master.csv
053690,한미글로벌,KOSPI,kr_stock,KRW,100,1,TRUE,한미글로벌,KOSPI,KOSPI,,,,,kospi_master.csv
055490,테이팩스,KOSPI,kr_stock,KRW,100,1,TRUE,테이팩스,KOSPI,KOSPI,,,,,kospi_master.csv
055550,신한지주,KOSPI,kr_stock,KRW,100,1,TRUE,신한지주,KOSPI,KOSPI,,,,,kospi_master.csv
057050,현대홈쇼핑,KOSPI,kr_stock,KRW,100,1,TRUE,현대홈쇼핑,KOSPI,KOSPI,,,,,kospi_master.csv
058430,포스코스틸리온,KOSPI,kr_stock,KRW,100,1,TRUE,포스코스틸리온,KOSPI,KOSPI,,,,,kospi_master.csv
058650,세아홀딩스,KOSPI,kr_stock,KRW,100,1,TRUE,세아홀딩스,KOSPI,KOSPI,,,,,kospi_master.csv
058730,다스코,KOSPI,kr_stock,KRW,100,1,TRUE,다스코,KOSPI,KOSPI,,,,,kospi_master.csv
058850,KTcs,KOSPI,kr_stock,KRW,100,1,TRUE,KTcs,KOSPI,KOSPI,,,,,kospi_master.csv
058860,KTis,KOSPI,kr_stock,KRW,100,1,TRUE,KTis,KOSPI,KOSPI,,,,,kospi_master.csv
060980,HL홀딩스,KOSPI,kr_stock,KRW,100,1,TRUE,HL홀딩스,KOSPI,KOSPI,,,,,kospi_master.csv
062040,산일전기,KOSPI,kr_stock,KRW,100,1,TRUE,산일전기,KOSPI,KOSPI,,,,,kospi_master.csv
063160,종근당바이오,KOSPI,kr_stock,KRW,100,1,TRUE,종근당바이오,KOSPI,KOSPI,,,,,kospi_master.csv
064350,현대로템,KOSPI,kr_stock,KRW,100,1,TRUE,현대로템,KOSPI,KOSPI,,,,,kospi_master.csv
064400,LG씨엔에스,KOSPI,kr_stock,KRW,100,1,TRUE,LG씨엔에스,KOSPI,KOSPI,,,,,kospi_master.csv
064960,SNT모티브,KOSPI,kr_stock,KRW,100,1,TRUE,SNT모티브,KOSPI,KOSPI,,,,,kospi_master.csv
066570,LG전자,KOSPI,kr_stock,KRW,100,1,TRUE,LG전자,KOSPI,KOSPI,,,,,kospi_master.csv
066575,LG전자우,KOSPI,kr_stock,KRW,100,1,TRUE,LG전자우,KOSPI,KOSPI,,,,,kospi_master.csv
066970,엘앤에프,KOSPI,kr_stock,KRW,100,1,TRUE,엘앤에프,KOSPI,KOSPI,,,,,kospi_master.csv
067830,세이브존I&C,KOSPI,kr_stock,KRW,100,1,TRUE,세이브존I&C,KOSPI,KOSPI,,,,,kospi_master.csv
068270,셀트리온,KOSPI,kr_stock,KRW,100,1,TRUE,셀트리온,KOSPI,KOSPI,,,,,kospi_master.csv
068290,삼성출판사,KOSPI,kr_stock,KRW,100,1,TRUE,삼성출판사,KOSPI,KOSPI,,,,,kospi_master.csv
069260,TKG휴켐스,KOSPI,kr_stock,KRW,100,1,TRUE,TKG휴켐스,KOSPI,KOSPI,,,,,kospi_master.csv
069460,대호에이엘,KOSPI,kr_stock,KRW,100,1,TRUE,대호에이엘,KOSPI,KOSPI,,,,,kospi_master.csv
069620,대웅제약,KOSPI,kr_stock,KRW,100,1,TRUE,대웅제약,KOSPI,KOSPI,,,,,kospi_master.csv
069640,한세엠케이,KOSPI,kr_stock,KRW,100,1,TRUE,한세엠케이,KOSPI,KOSPI,,,,,kospi_master.csv
069730,DSR제강,KOSPI,kr_stock,KRW,100,1,TRUE,DSR제강,KOSPI,KOSPI,,,,,kospi_master.csv
069960,현대백화점,KOSPI,kr_stock,KRW,100,1,TRUE,현대백화점,KOSPI,KOSPI,,,,,kospi_master.csv
070960,모나용평,KOSPI,kr_stock,KRW,100,1,TRUE,모나용평,KOSPI,KOSPI,,,,,kospi_master.csv
071050,한국금융지주,KOSPI,kr_stock,KRW,100,1,TRUE,한국금융지주,KOSPI,KOSPI,,,,,kospi_master.csv
071055,한국금융지주우,KOSPI,kr_stock,KRW,100,1,TRUE,한국금융지주우,KOSPI,KOSPI,,,,,kospi_master.csv
071090,하이스틸,KOSPI,kr_stock,KRW,100,1,TRUE,하이스틸,KOSPI,KOSPI,,,,,kospi_master.csv
071320,지역난방공사,KOSPI,kr_stock,KRW,100,1,TRUE,지역난방공사,KOSPI,KOSPI,,,,,kospi_master.csv
071840,롯데하이마트,KOSPI,kr_stock,KRW,100,1,TRUE,롯데하이마트,KOSPI,KOSPI,,,,,kospi_master.csv
071950,코아스,KOSPI,kr_stock,KRW,100,1,TRUE,코아스,KOSPI,KOSPI,,,,,kospi_master.csv
071970,HD현대마린엔진,KOSPI,kr_stock,KRW,100,1,TRUE,HD현대마린엔진,KOSPI,KOSPI,,,,,kospi_master.csv
072130,유엔젤,KOSPI,kr_stock,KRW,100,1,TRUE,유엔젤,KOSPI,KOSPI,,,,,kospi_master.csv
072710,농심홀딩스,KOSPI,kr_stock,KRW,100,1,TRUE,농심홀딩스,KOSPI,KOSPI,,,,,kospi_master.csv
073240,금호타이어,KOSPI,kr_stock,KRW,100,1,TRUE,금호타이어,KOSPI,KOSPI,,,,,kospi_master.csv
074610,이엔플러스,KOSPI,kr_stock,KRW,100,1,TRUE,이엔플러스,KOSPI,KOSPI,,,,,kospi_master.csv
075180,새론오토모티브,KOSPI,kr_stock,KRW,100,1,TRUE,새론오토모티브,KOSPI,KOSPI,,,,,kospi_master.csv
075580,세진중공업,KOSPI,kr_stock,KRW,100,1,TRUE,세진중공업,KOSPI,KOSPI,,,,,kospi_master.csv
077500,유니퀘스트,KOSPI,kr_stock,KRW,100,1,TRUE,유니퀘스트,KOSPI,KOSPI,,,,,kospi_master.csv
077970,STX엔진,KOSPI,kr_stock,KRW,100,1,TRUE,STX엔진,KOSPI,KOSPI,,,,,kospi_master.csv
078000,텔코웨어,KOSPI,kr_stock,KRW,100,1,TRUE,텔코웨어,KOSPI,KOSPI,,,,,kospi_master.csv
078520,에이블씨엔씨,KOSPI,kr_stock,KRW,100,1,TRUE,에이블씨엔씨,KOSPI,KOSPI,,,,,kospi_master.csv
078930,GS,KOSPI,kr_stock,KRW,100,1,TRUE,GS,KOSPI,KOSPI,,,,,kospi_master.csv
078935,GS우,KOSPI,kr_stock,KRW,100,1,TRUE,GS우,KOSPI,KOSPI,,,,,kospi_master.csv
079160,CJ CGV,KOSPI,kr_stock,KRW,100,1,TRUE,CJ CGV,KOSPI,KOSPI,,,,,kospi_master.csv
079430,현대리바트,KOSPI,kr_stock,KRW,100,1,TRUE,현대리바트,KOSPI,KOSPI,,,,,kospi_master.csv
079550,LIG디펜스앤에어로스페이스,KOSPI,kr_stock,KRW,100,1,TRUE,LIG디펜스앤에어로스페이스,KOSPI,KOSPI,,,,,kospi_master.csv
079900,전진건설로봇,KOSPI,kr_stock,KRW,100,1,TRUE,전진건설로봇,KOSPI,KOSPI,,,,,kospi_master.csv
079980,휴비스,KOSPI,kr_stock,KRW,100,1,TRUE,휴비스,KOSPI,KOSPI,,,,,kospi_master.csv
081000,일진다이아,KOSPI,kr_stock,KRW,100,1,TRUE,일진다이아,KOSPI,KOSPI,,,,,kospi_master.csv
081660,미스토홀딩스,KOSPI,kr_stock,KRW,100,1,TRUE,미스토홀딩스,KOSPI,KOSPI,,,,,kospi_master.csv
082640,동양생명,KOSPI,kr_stock,KRW,100,1,TRUE,동양생명,KOSPI,KOSPI,,,,,kospi_master.csv
082740,한화엔진,KOSPI,kr_stock,KRW,100,1,TRUE,한화엔진,KOSPI,KOSPI,,,,,kospi_master.csv
083420,그린케미칼,KOSPI,kr_stock,KRW,100,1,TRUE,그린케미칼,KOSPI,KOSPI,,,,,kospi_master.csv
084010,대한제강,KOSPI,kr_stock,KRW,100,1,TRUE,대한제강,KOSPI,KOSPI,,,,,kospi_master.csv
084670,동양고속,KOSPI,kr_stock,KRW,100,1,TRUE,동양고속,KOSPI,KOSPI,,,,,kospi_master.csv
084680,이월드,KOSPI,kr_stock,KRW,100,1,TRUE,이월드,KOSPI,KOSPI,,,,,kospi_master.csv
084690,대상홀딩스,KOSPI,kr_stock,KRW,100,1,TRUE,대상홀딩스,KOSPI,KOSPI,,,,,kospi_master.csv
084695,대상홀딩스우,KOSPI,kr_stock,KRW,100,1,TRUE,대상홀딩스우,KOSPI,KOSPI,,,,,kospi_master.csv
084870,TBH글로벌,KOSPI,kr_stock,KRW,100,1,TRUE,TBH글로벌,KOSPI,KOSPI,,,,,kospi_master.csv
085310,엔케이,KOSPI,kr_stock,KRW,100,1,TRUE,엔케이,KOSPI,KOSPI,,,,,kospi_master.csv
085620,미래에셋생명,KOSPI,kr_stock,KRW,100,1,TRUE,미래에셋생명,KOSPI,KOSPI,,,,,kospi_master.csv
086280,현대글로비스,KOSPI,kr_stock,KRW,100,1,TRUE,현대글로비스,KOSPI,KOSPI,,,,,kospi_master.csv
086790,하나금융지주,KOSPI,kr_stock,KRW,100,1,TRUE,하나금융지주,KOSPI,KOSPI,,,,,kospi_master.csv
088260,이리츠코크렙,KOSPI,kr_stock,KRW,100,1,TRUE,이리츠코크렙,KOSPI,KOSPI,,,,,kospi_master.csv
088350,한화생명,KOSPI,kr_stock,KRW,100,1,TRUE,한화생명,KOSPI,KOSPI,,,,,kospi_master.csv
088790,진도,KOSPI,kr_stock,KRW,100,1,TRUE,진도,KOSPI,KOSPI,,,,,kospi_master.csv
088980,맥쿼리인프라,KOSPI,kr_stock,KRW,100,1,TRUE,맥쿼리인프라,KOSPI,KOSPI,,,,,kospi_master.csv
089470,HDC현대EP,KOSPI,kr_stock,KRW,100,1,TRUE,HDC현대EP,KOSPI,KOSPI,,,,,kospi_master.csv
089590,제주항공,KOSPI,kr_stock,KRW,100,1,TRUE,제주항공,KOSPI,KOSPI,,,,,kospi_master.csv
089860,롯데렌탈,KOSPI,kr_stock,KRW,100,1,TRUE,롯데렌탈,KOSPI,KOSPI,,,,,kospi_master.csv
090080,평화산업,KOSPI,kr_stock,KRW,100,1,TRUE,평화산업,KOSPI,KOSPI,,,,,kospi_master.csv
090350,노루페인트,KOSPI,kr_stock,KRW,100,1,TRUE,노루페인트,KOSPI,KOSPI,,,,,kospi_master.csv
090355,노루페인트우,KOSPI,kr_stock,KRW,100,1,TRUE,노루페인트우,KOSPI,KOSPI,,,,,kospi_master.csv
090370,메타랩스,KOSPI,kr_stock,KRW,100,1,TRUE,메타랩스,KOSPI,KOSPI,,,,,kospi_master.csv
090430,아모레퍼시픽,KOSPI,kr_stock,KRW,100,1,TRUE,아모레퍼시픽,KOSPI,KOSPI,,,,,kospi_master.csv
090435,아모레퍼시픽우,KOSPI,kr_stock,KRW,100,1,TRUE,아모레퍼시픽우,KOSPI,KOSPI,,,,,kospi_master.csv
090460,비에이치,KOSPI,kr_stock,KRW,100,1,TRUE,비에이치,KOSPI,KOSPI,,,,,kospi_master.csv
091810,트리니티항공,KOSPI,kr_stock,KRW,100,1,TRUE,트리니티항공,KOSPI,KOSPI,,,,,kospi_master.csv
092200,디아이씨,KOSPI,kr_stock,KRW,100,1,TRUE,디아이씨,KOSPI,KOSPI,,,,,kospi_master.csv
092220,KEC,KOSPI,kr_stock,KRW,100,1,TRUE,KEC,KOSPI,KOSPI,,,,,kospi_master.csv
092230,KPX홀딩스,KOSPI,kr_stock,KRW,100,1,TRUE,KPX홀딩스,KOSPI,KOSPI,,,,,kospi_master.csv
092440,기신정기,KOSPI,kr_stock,KRW,100,1,TRUE,기신정기,KOSPI,KOSPI,,,,,kospi_master.csv
092780,DYP,KOSPI,kr_stock,KRW,100,1,TRUE,DYP,KOSPI,KOSPI,,,,,kospi_master.csv
092790,넥스틸,KOSPI,kr_stock,KRW,100,1,TRUE,넥스틸,KOSPI,KOSPI,,,,,kospi_master.csv
093050,LF,KOSPI,kr_stock,KRW,100,1,TRUE,LF,KOSPI,KOSPI,,,,,kospi_master.csv
093240,형지엘리트,KOSPI,kr_stock,KRW,100,1,TRUE,형지엘리트,KOSPI,KOSPI,,,,,kospi_master.csv
093370,후성,KOSPI,kr_stock,KRW,100,1,TRUE,후성,KOSPI,KOSPI,,,,,kospi_master.csv
094280,효성ITX,KOSPI,kr_stock,KRW,100,1,TRUE,효성ITX,KOSPI,KOSPI,,,,,kospi_master.csv
094800,맵스리얼티,KOSPI,kr_stock,KRW,100,1,TRUE,맵스리얼티,KOSPI,KOSPI,,,,,kospi_master.csv
095570,AJ네트웍스,KOSPI,kr_stock,KRW,100,1,TRUE,AJ네트웍스,KOSPI,KOSPI,,,,,kospi_master.csv
095720,웅진씽크빅,KOSPI,kr_stock,KRW,100,1,TRUE,웅진씽크빅,KOSPI,KOSPI,,,,,kospi_master.csv
096760,JW홀딩스,KOSPI,kr_stock,KRW,100,1,TRUE,JW홀딩스,KOSPI,KOSPI,,,,,kospi_master.csv
096770,SK이노베이션,KOSPI,kr_stock,KRW,100,1,TRUE,SK이노베이션,KOSPI,KOSPI,,,,,kospi_master.csv
096775,SK이노베이션우,KOSPI,kr_stock,KRW,100,1,TRUE,SK이노베이션우,KOSPI,KOSPI,,,,,kospi_master.csv
097230,HJ중공업,KOSPI,kr_stock,KRW,100,1,TRUE,HJ중공업,KOSPI,KOSPI,,,,,kospi_master.csv
097520,엠씨넥스,KOSPI,kr_stock,KRW,100,1,TRUE,엠씨넥스,KOSPI,KOSPI,,,,,kospi_master.csv
097950,CJ제일제당,KOSPI,kr_stock,KRW,100,1,TRUE,CJ제일제당,KOSPI,KOSPI,,,,,kospi_master.csv
097955,CJ제일제당 우,KOSPI,kr_stock,KRW,100,1,TRUE,CJ제일제당 우,KOSPI,KOSPI,,,,,kospi_master.csv
100090,SK오션플랜트,KOSPI,kr_stock,KRW,100,1,TRUE,SK오션플랜트,KOSPI,KOSPI,,,,,kospi_master.csv
100220,비상교육,KOSPI,kr_stock,KRW,100,1,TRUE,비상교육,KOSPI,KOSPI,,,,,kospi_master.csv
100250,진양홀딩스,KOSPI,kr_stock,KRW,100,1,TRUE,진양홀딩스,KOSPI,KOSPI,,,,,kospi_master.csv
100840,SNT에너지,KOSPI,kr_stock,KRW,100,1,TRUE,SNT에너지,KOSPI,KOSPI,,,,,kospi_master.csv
101140,인바이오젠,KOSPI,kr_stock,KRW,100,1,TRUE,인바이오젠,KOSPI,KOSPI,,,,,kospi_master.csv
101530,해태제과식품,KOSPI,kr_stock,KRW,100,1,TRUE,해태제과식품,KOSPI,KOSPI,,,,,kospi_master.csv
102260,동성케미컬,KOSPI,kr_stock,KRW,100,1,TRUE,동성케미컬,KOSPI,KOSPI,,,,,kospi_master.csv
102460,이연제약,KOSPI,kr_stock,KRW,100,1,TRUE,이연제약,KOSPI,KOSPI,,,,,kospi_master.csv
103140,풍산,KOSPI,kr_stock,KRW,100,1,TRUE,풍산,KOSPI,KOSPI,,,,,kospi_master.csv
103590,일진전기,KOSPI,kr_stock,KRW,100,1,TRUE,일진전기,KOSPI,KOSPI,,,,,kospi_master.csv
104700,한국철강,KOSPI,kr_stock,KRW,100,1,TRUE,한국철강,KOSPI,KOSPI,,,,,kospi_master.csv
105560,KB금융,KOSPI,kr_stock,KRW,100,1,TRUE,KB금융,KOSPI,KOSPI,,,,,kospi_master.csv
105630,한세실업,KOSPI,kr_stock,KRW,100,1,TRUE,한세실업,KOSPI,KOSPI,,,,,kospi_master.csv
105840,우진,KOSPI,kr_stock,KRW,100,1,TRUE,우진,KOSPI,KOSPI,,,,,kospi_master.csv
107590,미원홀딩스,KOSPI,kr_stock,KRW,100,1,TRUE,미원홀딩스,KOSPI,KOSPI,,,,,kospi_master.csv
108320,LX세미콘,KOSPI,kr_stock,KRW,100,1,TRUE,LX세미콘,KOSPI,KOSPI,,,,,kospi_master.csv
108670,LX하우시스,KOSPI,kr_stock,KRW,100,1,TRUE,LX하우시스,KOSPI,KOSPI,,,,,kospi_master.csv
108675,LX하우시스우,KOSPI,kr_stock,KRW,100,1,TRUE,LX하우시스우,KOSPI,KOSPI,,,,,kospi_master.csv
109070,주성코퍼레이션,KOSPI,kr_stock,KRW,100,1,TRUE,주성코퍼레이션,KOSPI,KOSPI,,,,,kospi_master.csv
111110,호전실업,KOSPI,kr_stock,KRW,100,1,TRUE,호전실업,KOSPI,KOSPI,,,,,kospi_master.csv
111380,동인기연,KOSPI,kr_stock,KRW,100,1,TRUE,동인기연,KOSPI,KOSPI,,,,,kospi_master.csv
111770,영원무역,KOSPI,kr_stock,KRW,100,1,TRUE,영원무역,KOSPI,KOSPI,,,,,kospi_master.csv
112610,씨에스윈드,KOSPI,kr_stock,KRW,100,1,TRUE,씨에스윈드,KOSPI,KOSPI,,,,,kospi_master.csv
114090,GKL,KOSPI,kr_stock,KRW,100,1,TRUE,GKL,KOSPI,KOSPI,,,,,kospi_master.csv
117580,대성에너지,KOSPI,kr_stock,KRW,100,1,TRUE,대성에너지,KOSPI,KOSPI,,,,,kospi_master.csv
118000,메타케어,KOSPI,kr_stock,KRW,100,1,TRUE,메타케어,KOSPI,KOSPI,,,,,kospi_master.csv
119650,KC코트렐,KOSPI,kr_stock,KRW,100,1,TRUE,KC코트렐,KOSPI,KOSPI,,,,,kospi_master.csv
120030,조선선재,KOSPI,kr_stock,KRW,100,1,TRUE,조선선재,KOSPI,KOSPI,,,,,kospi_master.csv
120110,코오롱인더,KOSPI,kr_stock,KRW,100,1,TRUE,코오롱인더,KOSPI,KOSPI,,,,,kospi_master.csv
120115,코오롱인더우,KOSPI,kr_stock,KRW,100,1,TRUE,코오롱인더우,KOSPI,KOSPI,,,,,kospi_master.csv
122900,아이마켓코리아,KOSPI,kr_stock,KRW,100,1,TRUE,아이마켓코리아,KOSPI,KOSPI,,,,,kospi_master.csv
123690,한국화장품,KOSPI,kr_stock,KRW,100,1,TRUE,한국화장품,KOSPI,KOSPI,,,,,kospi_master.csv
123700,SJM,KOSPI,kr_stock,KRW,100,1,TRUE,SJM,KOSPI,KOSPI,,,,,kospi_master.csv
123890,한국자산신탁,KOSPI,kr_stock,KRW,100,1,TRUE,한국자산신탁,KOSPI,KOSPI,,,,,kospi_master.csv
126560,현대퓨처넷,KOSPI,kr_stock,KRW,100,1,TRUE,현대퓨처넷,KOSPI,KOSPI,,,,,kospi_master.csv
126720,수산인더스트리,KOSPI,kr_stock,KRW,100,1,TRUE,수산인더스트리,KOSPI,KOSPI,,,,,kospi_master.csv
128820,대성산업,KOSPI,kr_stock,KRW,100,1,TRUE,대성산업,KOSPI,KOSPI,,,,,kospi_master.csv
128940,한미약품,KOSPI,kr_stock,KRW,100,1,TRUE,한미약품,KOSPI,KOSPI,,,,,kospi_master.csv
129260,인터지스,KOSPI,kr_stock,KRW,100,1,TRUE,인터지스,KOSPI,KOSPI,,,,,kospi_master.csv
130660,한전산업,KOSPI,kr_stock,KRW,100,1,TRUE,한전산업,KOSPI,KOSPI,,,,,kospi_master.csv
133820,화인베스틸,KOSPI,kr_stock,KRW,100,1,TRUE,화인베스틸,KOSPI,KOSPI,,,,,kospi_master.csv
134380,미원화학,KOSPI,kr_stock,KRW,100,1,TRUE,미원화학,KOSPI,KOSPI,,,,,kospi_master.csv
134790,시디즈,KOSPI,kr_stock,KRW,100,1,TRUE,시디즈,KOSPI,KOSPI,,,,,kospi_master.csv
136490,선진,KOSPI,kr_stock,KRW,100,1,TRUE,선진,KOSPI,KOSPI,,,,,kospi_master.csv
137310,에스디바이오센서,KOSPI,kr_stock,KRW,100,1,TRUE,에스디바이오센서,KOSPI,KOSPI,,,,,kospi_master.csv
138040,메리츠금융지주,KOSPI,kr_stock,KRW,100,1,TRUE,메리츠금융지주,KOSPI,KOSPI,,,,,kospi_master.csv
138930,BNK금융지주,KOSPI,kr_stock,KRW,100,1,TRUE,BNK금융지주,KOSPI,KOSPI,,,,,kospi_master.csv
139130,iM금융지주,KOSPI,kr_stock,KRW,100,1,TRUE,iM금융지주,KOSPI,KOSPI,,,,,kospi_master.csv
139480,이마트,KOSPI,kr_stock,KRW,100,1,TRUE,이마트,KOSPI,KOSPI,,,,,kospi_master.csv
139990,아주스틸,KOSPI,kr_stock,KRW,100,1,TRUE,아주스틸,KOSPI,KOSPI,,,,,kospi_master.csv
140910,에이리츠,KOSPI,kr_stock,KRW,100,1,TRUE,에이리츠,KOSPI,KOSPI,,,,,kospi_master.csv
143210,핸즈코퍼레이션,KOSPI,kr_stock,KRW,100,1,TRUE,핸즈코퍼레이션,KOSPI,KOSPI,,,,,kospi_master.csv
145210,다이나믹디자인,KOSPI,kr_stock,KRW,100,1,TRUE,다이나믹디자인,KOSPI,KOSPI,,,,,kospi_master.csv
145270,케이탑리츠,KOSPI,kr_stock,KRW,100,1,TRUE,케이탑리츠,KOSPI,KOSPI,,,,,kospi_master.csv
145720,덴티움,KOSPI,kr_stock,KRW,100,1,TRUE,덴티움,KOSPI,KOSPI,,,,,kospi_master.csv
145990,삼양사,KOSPI,kr_stock,KRW,100,1,TRUE,삼양사,KOSPI,KOSPI,,,,,kospi_master.csv
145995,삼양사우,KOSPI,kr_stock,KRW,100,1,TRUE,삼양사우,KOSPI,KOSPI,,,,,kospi_master.csv
155660,DSR,KOSPI,kr_stock,KRW,100,1,TRUE,DSR,KOSPI,KOSPI,,,,,kospi_master.csv
161000,애경케미칼,KOSPI,kr_stock,KRW,100,1,TRUE,애경케미칼,KOSPI,KOSPI,,,,,kospi_master.csv
161390,한국타이어앤테크놀로지,KOSPI,kr_stock,KRW,100,1,TRUE,한국타이어앤테크놀로지,KOSPI,KOSPI,,,,,kospi_master.csv
161890,한국콜마,KOSPI,kr_stock,KRW,100,1,TRUE,한국콜마,KOSPI,KOSPI,,,,,kospi_master.csv
163560,동일고무벨트,KOSPI,kr_stock,KRW,100,1,TRUE,동일고무벨트,KOSPI,KOSPI,,,,,kospi_master.csv
170900,동아에스티,KOSPI,kr_stock,KRW,100,1,TRUE,동아에스티,KOSPI,KOSPI,,,,,kospi_master.csv
175330,JB금융지주,KOSPI,kr_stock,KRW,100,1,TRUE,JB금융지주,KOSPI,KOSPI,,,,,kospi_master.csv
178920,PI첨단소재,KOSPI,kr_stock,KRW,100,1,TRUE,PI첨단소재,KOSPI,KOSPI,,,,,kospi_master.csv
180640,한진칼,KOSPI,kr_stock,KRW,100,1,TRUE,한진칼,KOSPI,KOSPI,,,,,kospi_master.csv
18064K,한진칼우,KOSPI,kr_stock,KRW,100,1,TRUE,한진칼우,KOSPI,KOSPI,,,,,kospi_master.csv
181710,NHN,KOSPI,kr_stock,KRW,100,1,TRUE,NHN,KOSPI,KOSPI,,,,,kospi_master.csv
183190,아세아시멘트,KOSPI,kr_stock,KRW,100,1,TRUE,아세아시멘트,KOSPI,KOSPI,,,,,kospi_master.csv
185750,종근당,KOSPI,kr_stock,KRW,100,1,TRUE,종근당,KOSPI,KOSPI,,,,,kospi_master.csv
192080,더블유게임즈,KOSPI,kr_stock,KRW,100,1,TRUE,더블유게임즈,KOSPI,KOSPI,,,,,kospi_master.csv
192400,쿠쿠홀딩스,KOSPI,kr_stock,KRW,100,1,TRUE,쿠쿠홀딩스,KOSPI,KOSPI,,,,,kospi_master.csv
192650,드림텍,KOSPI,kr_stock,KRW,100,1,TRUE,드림텍,KOSPI,KOSPI,,,,,kospi_master.csv
192820,코스맥스,KOSPI,kr_stock,KRW,100,1,TRUE,코스맥스,KOSPI,KOSPI,,,,,kospi_master.csv
194370,제이에스코퍼레이션,KOSPI,kr_stock,KRW,100,1,TRUE,제이에스코퍼레이션,KOSPI,KOSPI,,,,,kospi_master.csv
195870,해성디에스,KOSPI,kr_stock,KRW,100,1,TRUE,해성디에스,KOSPI,KOSPI,,,,,kospi_master.csv
200880,서연이화,KOSPI,kr_stock,KRW,100,1,TRUE,서연이화,KOSPI,KOSPI,,,,,kospi_master.csv
204210,스타에스엠리츠,KOSPI,kr_stock,KRW,100,1,TRUE,스타에스엠리츠,KOSPI,KOSPI,,,,,kospi_master.csv
204320,HL만도,KOSPI,kr_stock,KRW,100,1,TRUE,HL만도,KOSPI,KOSPI,,,,,kospi_master.csv
207940,삼성바이오로직스,KOSPI,kr_stock,KRW,100,1,TRUE,삼성바이오로직스,KOSPI,KOSPI,,,,,kospi_master.csv
210540,디와이파워,KOSPI,kr_stock,KRW,100,1,TRUE,디와이파워,KOSPI,KOSPI,,,,,kospi_master.csv
210980,SK디앤디,KOSPI,kr_stock,KRW,100,1,TRUE,SK디앤디,KOSPI,KOSPI,,,,,kospi_master.csv
213500,한솔제지,KOSPI,kr_stock,KRW,100,1,TRUE,한솔제지,KOSPI,KOSPI,,,,,kospi_master.csv
214320,이노션,KOSPI,kr_stock,KRW,100,1,TRUE,이노션,KOSPI,KOSPI,,,,,kospi_master.csv
214330,금호에이치티,KOSPI,kr_stock,KRW,100,1,TRUE,금호에이치티,KOSPI,KOSPI,,,,,kospi_master.csv
214390,경보제약,KOSPI,kr_stock,KRW,100,1,TRUE,경보제약,KOSPI,KOSPI,,,,,kospi_master.csv
214420,토니모리,KOSPI,kr_stock,KRW,100,1,TRUE,토니모리,KOSPI,KOSPI,,,,,kospi_master.csv
217590,티엠씨,KOSPI,kr_stock,KRW,100,1,TRUE,티엠씨,KOSPI,KOSPI,,,,,kospi_master.csv
226320,잇츠한불,KOSPI,kr_stock,KRW,100,1,TRUE,잇츠한불,KOSPI,KOSPI,,,,,kospi_master.csv
227840,현대코퍼레이션홀딩스,KOSPI,kr_stock,KRW,100,1,TRUE,현대코퍼레이션홀딩스,KOSPI,KOSPI,,,,,kospi_master.csv
229640,LS에코에너지,KOSPI,kr_stock,KRW,100,1,TRUE,LS에코에너지,KOSPI,KOSPI,,,,,kospi_master.csv
234080,JW생명과학,KOSPI,kr_stock,KRW,100,1,TRUE,JW생명과학,KOSPI,KOSPI,,,,,kospi_master.csv
241560,두산밥캣,KOSPI,kr_stock,KRW,100,1,TRUE,두산밥캣,KOSPI,KOSPI,,,,,kospi_master.csv
241590,화승엔터프라이즈,KOSPI,kr_stock,KRW,100,1,TRUE,화승엔터프라이즈,KOSPI,KOSPI,,,,,kospi_master.csv
244920,에이플러스에셋,KOSPI,kr_stock,KRW,100,1,TRUE,에이플러스에셋,KOSPI,KOSPI,,,,,kospi_master.csv
248070,솔루엠,KOSPI,kr_stock,KRW,100,1,TRUE,솔루엠,KOSPI,KOSPI,,,,,kospi_master.csv
248170,샘표식품,KOSPI,kr_stock,KRW,100,1,TRUE,샘표식품,KOSPI,KOSPI,,,,,kospi_master.csv
249420,일동제약,KOSPI,kr_stock,KRW,100,1,TRUE,일동제약,KOSPI,KOSPI,,,,,kospi_master.csv
251270,넷마블,KOSPI,kr_stock,KRW,100,1,TRUE,넷마블,KOSPI,KOSPI,,,,,kospi_master.csv
259960,크래프톤,KOSPI,kr_stock,KRW,100,1,TRUE,크래프톤,KOSPI,KOSPI,,,,,kospi_master.csv
264900,크라운제과,KOSPI,kr_stock,KRW,100,1,TRUE,크라운제과,KOSPI,KOSPI,,,,,kospi_master.csv
26490K,크라운제과우,KOSPI,kr_stock,KRW,100,1,TRUE,크라운제과우,KOSPI,KOSPI,,,,,kospi_master.csv
267250,HD현대,KOSPI,kr_stock,KRW,100,1,TRUE,HD현대,KOSPI,KOSPI,,,,,kospi_master.csv
267260,HD현대일렉트릭,KOSPI,kr_stock,KRW,100,1,TRUE,HD현대일렉트릭,KOSPI,KOSPI,,,,,kospi_master.csv
267270,HD건설기계,KOSPI,kr_stock,KRW,100,1,TRUE,HD건설기계,KOSPI,KOSPI,,,,,kospi_master.csv
267290,경동도시가스,KOSPI,kr_stock,KRW,100,1,TRUE,경동도시가스,KOSPI,KOSPI,,,,,kospi_master.csv
267850,아시아나IDT,KOSPI,kr_stock,KRW,100,1,TRUE,아시아나IDT,KOSPI,KOSPI,,,,,kospi_master.csv
268280,미원에스씨,KOSPI,kr_stock,KRW,100,1,TRUE,미원에스씨,KOSPI,KOSPI,,,,,kospi_master.csv
271560,오리온,KOSPI,kr_stock,KRW,100,1,TRUE,오리온,KOSPI,KOSPI,,,,,kospi_master.csv
271940,일진하이솔루스,KOSPI,kr_stock,KRW,100,1,TRUE,일진하이솔루스,KOSPI,KOSPI,,,,,kospi_master.csv
271980,제일약품,KOSPI,kr_stock,KRW,100,1,TRUE,제일약품,KOSPI,KOSPI,,,,,kospi_master.csv
272210,한화시스템,KOSPI,kr_stock,KRW,100,1,TRUE,한화시스템,KOSPI,KOSPI,,,,,kospi_master.csv
272450,진에어,KOSPI,kr_stock,KRW,100,1,TRUE,진에어,KOSPI,KOSPI,,,,,kospi_master.csv
272550,삼양패키징,KOSPI,kr_stock,KRW,100,1,TRUE,삼양패키징,KOSPI,KOSPI,,,,,kospi_master.csv
278470,에이피알,KOSPI,kr_stock,KRW,100,1,TRUE,에이피알,KOSPI,KOSPI,,,,,kospi_master.csv
279570,케이뱅크,KOSPI,kr_stock,KRW,100,1,TRUE,케이뱅크,KOSPI,KOSPI,,,,,kospi_master.csv
280360,롯데웰푸드,KOSPI,kr_stock,KRW,100,1,TRUE,롯데웰푸드,KOSPI,KOSPI,,,,,kospi_master.csv
281820,케이씨텍,KOSPI,kr_stock,KRW,100,1,TRUE,케이씨텍,KOSPI,KOSPI,,,,,kospi_master.csv
282330,BGF리테일,KOSPI,kr_stock,KRW,100,1,TRUE,BGF리테일,KOSPI,KOSPI,,,,,kospi_master.csv
284740,쿠쿠홈시스,KOSPI,kr_stock,KRW,100,1,TRUE,쿠쿠홈시스,KOSPI,KOSPI,,,,,kospi_master.csv
285130,SK케미칼,KOSPI,kr_stock,KRW,100,1,TRUE,SK케미칼,KOSPI,KOSPI,,,,,kospi_master.csv
28513K,SK케미칼우,KOSPI,kr_stock,KRW,100,1,TRUE,SK케미칼우,KOSPI,KOSPI,,,,,kospi_master.csv
286940,롯데이노베이트,KOSPI,kr_stock,KRW,100,1,TRUE,롯데이노베이트,KOSPI,KOSPI,,,,,kospi_master.csv
293480,하나제약,KOSPI,kr_stock,KRW,100,1,TRUE,하나제약,KOSPI,KOSPI,,,,,kospi_master.csv
293940,신한알파리츠,KOSPI,kr_stock,KRW,100,1,TRUE,신한알파리츠,KOSPI,KOSPI,,,,,kospi_master.csv
294870,IPARK현대산업개발,KOSPI,kr_stock,KRW,100,1,TRUE,IPARK현대산업개발,KOSPI,KOSPI,,,,,kospi_master.csv
298000,효성화학,KOSPI,kr_stock,KRW,100,1,TRUE,효성화학,KOSPI,KOSPI,,,,,kospi_master.csv
298020,효성티앤씨,KOSPI,kr_stock,KRW,100,1,TRUE,효성티앤씨,KOSPI,KOSPI,,,,,kospi_master.csv
298040,효성중공업,KOSPI,kr_stock,KRW,100,1,TRUE,효성중공업,KOSPI,KOSPI,,,,,kospi_master.csv
298050,HS효성첨단소재,KOSPI,kr_stock,KRW,100,1,TRUE,HS효성첨단소재,KOSPI,KOSPI,,,,,kospi_master.csv
298690,에어부산,KOSPI,kr_stock,KRW,100,1,TRUE,에어부산,KOSPI,KOSPI,,,,,kospi_master.csv
300720,한일시멘트,KOSPI,kr_stock,KRW,100,1,TRUE,한일시멘트,KOSPI,KOSPI,,,,,kospi_master.csv
302440,SK바이오사이언스,KOSPI,kr_stock,KRW,100,1,TRUE,SK바이오사이언스,KOSPI,KOSPI,,,,,kospi_master.csv
306200,세아제강,KOSPI,kr_stock,KRW,100,1,TRUE,세아제강,KOSPI,KOSPI,,,,,kospi_master.csv
307950,현대오토에버,KOSPI,kr_stock,KRW,100,1,TRUE,현대오토에버,KOSPI,KOSPI,,,,,kospi_master.csv
308170,씨티알모빌리티,KOSPI,kr_stock,KRW,100,1,TRUE,씨티알모빌리티,KOSPI,KOSPI,,,,,kospi_master.csv
316140,우리금융지주,KOSPI,kr_stock,KRW,100,1,TRUE,우리금융지주,KOSPI,KOSPI,,,,,kospi_master.csv
317400,자이에스앤디,KOSPI,kr_stock,KRW,100,1,TRUE,자이에스앤디,KOSPI,KOSPI,,,,,kospi_master.csv
317450,명인제약,KOSPI,kr_stock,KRW,100,1,TRUE,명인제약,KOSPI,KOSPI,,,,,kospi_master.csv
322000,HD현대에너지솔루션,KOSPI,kr_stock,KRW,100,1,TRUE,HD현대에너지솔루션,KOSPI,KOSPI,,,,,kospi_master.csv
323410,카카오뱅크,KOSPI,kr_stock,KRW,100,1,TRUE,카카오뱅크,KOSPI,KOSPI,,,,,kospi_master.csv
326030,SK바이오팜,KOSPI,kr_stock,KRW,100,1,TRUE,SK바이오팜,KOSPI,KOSPI,,,,,kospi_master.csv
329180,HD현대중공업,KOSPI,kr_stock,KRW,100,1,TRUE,HD현대중공업,KOSPI,KOSPI,,,,,kospi_master.csv
330590,롯데리츠,KOSPI,kr_stock,KRW,100,1,TRUE,롯데리츠,KOSPI,KOSPI,,,,,kospi_master.csv
334890,이지스밸류플러스리츠,KOSPI,kr_stock,KRW,100,1,TRUE,이지스밸류플러스리츠,KOSPI,KOSPI,,,,,kospi_master.csv
336260,두산퓨얼셀,KOSPI,kr_stock,KRW,100,1,TRUE,두산퓨얼셀,KOSPI,KOSPI,,,,,kospi_master.csv
33626K,두산퓨얼셀1우,KOSPI,kr_stock,KRW,100,1,TRUE,두산퓨얼셀1우,KOSPI,KOSPI,,,,,kospi_master.csv
33626L,두산퓨얼셀2우B,KOSPI,kr_stock,KRW,100,1,TRUE,두산퓨얼셀2우B,KOSPI,KOSPI,,,,,kospi_master.csv
336370,솔루스첨단소재,KOSPI,kr_stock,KRW,100,1,TRUE,솔루스첨단소재,KOSPI,KOSPI,,,,,kospi_master.csv
33637K,솔루스첨단소재1우,KOSPI,kr_stock,KRW,100,1,TRUE,솔루스첨단소재1우,KOSPI,KOSPI,,,,,kospi_master.csv
33637L,솔루스첨단소재2우B,KOSPI,kr_stock,KRW,100,1,TRUE,솔루스첨단소재2우B,KOSPI,KOSPI,,,,,kospi_master.csv
338100,NH프라임리츠,KOSPI,kr_stock,KRW,100,1,TRUE,NH프라임리츠,KOSPI,KOSPI,,,,,kospi_master.csv
339770,교촌에프앤비,KOSPI,kr_stock,KRW,100,1,TRUE,교촌에프앤비,KOSPI,KOSPI,,,,,kospi_master.csv
344820,KCC글라스,KOSPI,kr_stock,KRW,100,1,TRUE,KCC글라스,KOSPI,KOSPI,,,,,kospi_master.csv
348950,제이알글로벌리츠,KOSPI,kr_stock,KRW,100,1,TRUE,제이알글로벌리츠,KOSPI,KOSPI,,,,,kospi_master.csv
350520,이지스레지던스리츠,KOSPI,kr_stock,KRW,100,1,TRUE,이지스레지던스리츠,KOSPI,KOSPI,,,,,kospi_master.csv
352820,하이브,KOSPI,kr_stock,KRW,100,1,TRUE,하이브,KOSPI,KOSPI,,,,,kospi_master.csv
353200,대덕전자,KOSPI,kr_stock,KRW,100,1,TRUE,대덕전자,KOSPI,KOSPI,,,,,kospi_master.csv
35320K,대덕전자1우,KOSPI,kr_stock,KRW,100,1,TRUE,대덕전자1우,KOSPI,KOSPI,,,,,kospi_master.csv
357120,코람코라이프인프라리츠,KOSPI,kr_stock,KRW,100,1,TRUE,코람코라이프인프라리츠,KOSPI,KOSPI,,,,,kospi_master.csv
357250,미래에셋맵스리츠,KOSPI,kr_stock,KRW,100,1,TRUE,미래에셋맵스리츠,KOSPI,KOSPI,,,,,kospi_master.csv
357430,마스턴프리미어리츠,KOSPI,kr_stock,KRW,100,1,TRUE,마스턴프리미어리츠,KOSPI,KOSPI,,,,,kospi_master.csv
361610,SK아이이테크놀로지,KOSPI,kr_stock,KRW,100,1,TRUE,SK아이이테크놀로지,KOSPI,KOSPI,,,,,kospi_master.csv
363280,티와이홀딩스,KOSPI,kr_stock,KRW,100,1,TRUE,티와이홀딩스,KOSPI,KOSPI,,,,,kospi_master.csv
36328K,티와이홀딩스우,KOSPI,kr_stock,KRW,100,1,TRUE,티와이홀딩스우,KOSPI,KOSPI,,,,,kospi_master.csv
365550,ESR켄달스퀘어리츠,KOSPI,kr_stock,KRW,100,1,TRUE,ESR켄달스퀘어리츠,KOSPI,KOSPI,,,,,kospi_master.csv
372910,한컴라이프케어,KOSPI,kr_stock,KRW,100,1,TRUE,한컴라이프케어,KOSPI,KOSPI,,,,,kospi_master.csv
373220,LG에너지솔루션,KOSPI,kr_stock,KRW,100,1,TRUE,LG에너지솔루션,KOSPI,KOSPI,,,,,kospi_master.csv
375500,DL이앤씨,KOSPI,kr_stock,KRW,100,1,TRUE,DL이앤씨,KOSPI,KOSPI,,,,,kospi_master.csv
37550K,DL이앤씨우,KOSPI,kr_stock,KRW,100,1,TRUE,DL이앤씨우,KOSPI,KOSPI,,,,,kospi_master.csv
37550L,DL이앤씨2우(전환),KOSPI,kr_stock,KRW,100,1,TRUE,DL이앤씨2우(전환),KOSPI,KOSPI,,,,,kospi_master.csv
377190,디앤디플랫폼리츠,KOSPI,kr_stock,KRW,100,1,TRUE,디앤디플랫폼리츠,KOSPI,KOSPI,,,,,kospi_master.csv
377300,카카오페이,KOSPI,kr_stock,KRW,100,1,TRUE,카카오페이,KOSPI,KOSPI,,,,,kospi_master.csv
377740,바이오노트,KOSPI,kr_stock,KRW,100,1,TRUE,바이오노트,KOSPI,KOSPI,,,,,kospi_master.csv
378850,화승알앤에이,KOSPI,kr_stock,KRW,100,1,TRUE,화승알앤에이,KOSPI,KOSPI,,,,,kospi_master.csv
381970,케이카,KOSPI,kr_stock,KRW,100,1,TRUE,케이카,KOSPI,KOSPI,,,,,kospi_master.csv
383220,F&F,KOSPI,kr_stock,KRW,100,1,TRUE,F&F,KOSPI,KOSPI,,,,,kospi_master.csv
383800,LX홀딩스,KOSPI,kr_stock,KRW,100,1,TRUE,LX홀딩스,KOSPI,KOSPI,,,,,kospi_master.csv
38380K,LX홀딩스1우,KOSPI,kr_stock,KRW,100,1,TRUE,LX홀딩스1우,KOSPI,KOSPI,,,,,kospi_master.csv
395400,SK리츠,KOSPI,kr_stock,KRW,100,1,TRUE,SK리츠,KOSPI,KOSPI,,,,,kospi_master.csv
396690,미래에셋글로벌리츠,KOSPI,kr_stock,KRW,100,1,TRUE,미래에셋글로벌리츠,KOSPI,KOSPI,,,,,kospi_master.csv
400760,NH올원리츠,KOSPI,kr_stock,KRW,100,1,TRUE,NH올원리츠,KOSPI,KOSPI,,,,,kospi_master.csv
402340,SK스퀘어,KOSPI,kr_stock,KRW,100,1,TRUE,SK스퀘어,KOSPI,KOSPI,,,,,kospi_master.csv
403550,쏘카,KOSPI,kr_stock,KRW,100,1,TRUE,쏘카,KOSPI,KOSPI,,,,,kospi_master.csv
404990,신한서부티엔디리츠,KOSPI,kr_stock,KRW,100,1,TRUE,신한서부티엔디리츠,KOSPI,KOSPI,,,,,kospi_master.csv
415640,KB발해인프라,KOSPI,kr_stock,KRW,100,1,TRUE,KB발해인프라,KOSPI,KOSPI,,,,,kospi_master.csv
417310,코람코더원리츠,KOSPI,kr_stock,KRW,100,1,TRUE,코람코더원리츠,KOSPI,KOSPI,,,,,kospi_master.csv
432320,KB스타리츠,KOSPI,kr_stock,KRW,100,1,TRUE,KB스타리츠,KOSPI,KOSPI,,,,,kospi_master.csv
439260,대한조선,KOSPI,kr_stock,KRW,100,1,TRUE,대한조선,KOSPI,KOSPI,,,,,kospi_master.csv
443060,HD현대마린솔루션,KOSPI,kr_stock,KRW,100,1,TRUE,HD현대마린솔루션,KOSPI,KOSPI,,,,,kospi_master.csv
446070,유니드비티플러스,KOSPI,kr_stock,KRW,100,1,TRUE,유니드비티플러스,KOSPI,KOSPI,,,,,kospi_master.csv
448730,삼성FN리츠,KOSPI,kr_stock,KRW,100,1,TRUE,삼성FN리츠,KOSPI,KOSPI,,,,,kospi_master.csv
450080,에코프로머티,KOSPI,kr_stock,KRW,100,1,TRUE,에코프로머티,KOSPI,KOSPI,,,,,kospi_master.csv
451800,한화리츠,KOSPI,kr_stock,KRW,100,1,TRUE,한화리츠,KOSPI,KOSPI,,,,,kospi_master.csv
452260,한화갤러리아,KOSPI,kr_stock,KRW,100,1,TRUE,한화갤러리아,KOSPI,KOSPI,,,,,kospi_master.csv
45226K,한화갤러리아우,KOSPI,kr_stock,KRW,100,1,TRUE,한화갤러리아우,KOSPI,KOSPI,,,,,kospi_master.csv
453340,현대그린푸드,KOSPI,kr_stock,KRW,100,1,TRUE,현대그린푸드,KOSPI,KOSPI,,,,,kospi_master.csv
454910,두산로보틱스,KOSPI,kr_stock,KRW,100,1,TRUE,두산로보틱스,KOSPI,KOSPI,,,,,kospi_master.csv
456040,OCI,KOSPI,kr_stock,KRW,100,1,TRUE,OCI,KOSPI,KOSPI,,,,,kospi_master.csv
457190,이수스페셜티케미컬,KOSPI,kr_stock,KRW,100,1,TRUE,이수스페셜티케미컬,KOSPI,KOSPI,,,,,kospi_master.csv
460850,동국씨엠,KOSPI,kr_stock,KRW,100,1,TRUE,동국씨엠,KOSPI,KOSPI,,,,,kospi_master.csv
460860,동국제강,KOSPI,kr_stock,KRW,100,1,TRUE,동국제강,KOSPI,KOSPI,,,,,kospi_master.csv
462520,조선내화,KOSPI,kr_stock,KRW,100,1,TRUE,조선내화,KOSPI,KOSPI,,,,,kospi_master.csv
462870,시프트업,KOSPI,kr_stock,KRW,100,1,TRUE,시프트업,KOSPI,KOSPI,,,,,kospi_master.csv
465770,STX그린로지스,KOSPI,kr_stock,KRW,100,1,TRUE,STX그린로지스,KOSPI,KOSPI,,,,,kospi_master.csv
475150,SK이터닉스,KOSPI,kr_stock,KRW,100,1,TRUE,SK이터닉스,KOSPI,KOSPI,,,,,kospi_master.csv
475560,더본코리아,KOSPI,kr_stock,KRW,100,1,TRUE,더본코리아,KOSPI,KOSPI,,,,,kospi_master.csv
480370,씨케이솔루션,KOSPI,kr_stock,KRW,100,1,TRUE,씨케이솔루션,KOSPI,KOSPI,,,,,kospi_master.csv
481850,신한글로벌액티브리츠,KOSPI,kr_stock,KRW,100,1,TRUE,신한글로벌액티브리츠,KOSPI,KOSPI,,,,,kospi_master.csv
483650,달바글로벌,KOSPI,kr_stock,KRW,100,1,TRUE,달바글로벌,KOSPI,KOSPI,,,,,kospi_master.csv
484870,엠앤씨솔루션,KOSPI,kr_stock,KRW,100,1,TRUE,엠앤씨솔루션,KOSPI,KOSPI,,,,,kospi_master.csv
487570,HS효성,KOSPI,kr_stock,KRW,100,1,TRUE,HS효성,KOSPI,KOSPI,,,,,kospi_master.csv
489790,한화비전,KOSPI,kr_stock,KRW,100,1,TRUE,한화비전,KOSPI,KOSPI,,,,,kospi_master.csv
499790,GS피앤엘,KOSPI,kr_stock,KRW,100,1,TRUE,GS피앤엘,KOSPI,KOSPI,,,,,kospi_master.csv
900140,엘브이엠씨홀딩스,KOSPI,kr_stock,KRW,100,1,TRUE,엘브이엠씨홀딩스,KOSPI,KOSPI,,,,,kospi_master.csv
950210,프레스티지바이오파마,KOSPI,kr_stock,KRW,100,1,TRUE,프레스티지바이오파마,KOSPI,KOSPI,,,,,kospi_master.csv
