code,name,market,is_kosdaq150
0001A0,덕양에너젠,KOSDAQ,False
000250,삼천당제약,KOSDAQ,False
000440,중앙에너비스,KOSDAQ,False
0004V0,엔비알모션,KOSDAQ,False
0004Y0,디비금융제14호스팩,KOSDAQ,False
0007C0,아크릴,KOSDAQ,False
0007J0,인벤테라,KOSDAQ,False
0008Z0,에스엔시스,KOSDAQ,False
0009K0,에임드바이오,KOSDAQ,False
001000,신라섬유,KOSDAQ,False
0010F0,보원케미칼,KOSDAQ,False
0010V0,제이피아이헬스케어,KOSDAQ,False
0011A0,액스비스,KOSDAQ,False
0011T0,채비,KOSDAQ,False
0013V0,삼진식품,KOSDAQ,False
001540,안국약품,KOSDAQ,False
0015G0,그린광학,KOSDAQ,False
0015N0,아로마티카,KOSDAQ,False
0015S0,페스카로,KOSDAQ,False
0017J0,세미티에스,KOSDAQ,False
001810,무림SP,KOSDAQ,False
001840,이화공영,KOSDAQ,False
002230,피에스텍,KOSDAQ,False
002290,삼일기업공사,KOSDAQ,False
002680,한탑,KOSDAQ,False
002800,신신제약,KOSDAQ,False
003100,선광,KOSDAQ,False
003310,대주산업,KOSDAQ,False
003380,하림지주,KOSDAQ,False
0037T0,KB제32호스팩,KOSDAQ,False
003800,에이스침대,KOSDAQ,False
0041B0,교보18호스팩,KOSDAQ,False
0041J0,엘에스스팩1호,KOSDAQ,False
0041L0,하나35호스팩,KOSDAQ,False
0044K0,삼성스팩10호,KOSDAQ,False
004590,한국가구,KOSDAQ,False
004650,창해에탄올,KOSDAQ,False
004780,대륙제관,KOSDAQ,False
005160,동국산업,KOSDAQ,False
005290,동진쎄미켐,KOSDAQ,False
0054V0,엔에이치스팩32호,KOSDAQ,False
005670,푸드웰,KOSDAQ,False
005710,대원산업,KOSDAQ,False
005860,한일사료,KOSDAQ,False
005990,매일홀딩스,KOSDAQ,False
006050,국영지앤엠,KOSDAQ,False
006140,피제이전자,KOSDAQ,False
006620,동구바이오제약,KOSDAQ,False
006730,서부T&D,KOSDAQ,False
0068Y0,비엔케이제3호스팩,KOSDAQ,False
006910,보성파워텍,KOSDAQ,False
006920,모헨즈,KOSDAQ,False
0071M0,삼성스팩11호,KOSDAQ,False
0072Z0,KB제33호스팩,KOSDAQ,False
007330,푸른저축은행,KOSDAQ,False
007370,진양제약,KOSDAQ,False
007390,네이처셀,KOSDAQ,False
007530,와이엠,KOSDAQ,False
007680,대원,KOSDAQ,False
007720,소노스퀘어,KOSDAQ,False
007770,한일화학,KOSDAQ,False
007820,엠엑스로보틱스,KOSDAQ,False
008290,원풍물산,KOSDAQ,False
0082N0,카나프테라퓨틱스,KOSDAQ,False
008370,원풍,KOSDAQ,False
008470,부스타,KOSDAQ,False
008830,대동기어,KOSDAQ,False
0088D0,메리츠제1호스팩,KOSDAQ,False
0088M0,메쥬,KOSDAQ,False
0091W0,신영스팩11호,KOSDAQ,False
009300,삼아제약,KOSDAQ,False
0093G0,미래에셋비전스팩8호,KOSDAQ,False
009520,포스코엠텍,KOSDAQ,False
009620,삼보산업,KOSDAQ,False
0096B0,삼성스팩12호,KOSDAQ,False
0096D0,미래에셋비전스팩9호,KOSDAQ,False
009730,이렘,KOSDAQ,False
009780,엠에스씨,KOSDAQ,False
0097F0,미래에셋비전스팩10호,KOSDAQ,False
0098T0,교보19호스팩,KOSDAQ,False
0099W0,미래에셋비전스팩11호,KOSDAQ,False
0099X0,IBKS제25호스팩,KOSDAQ,False
010170,대한광통신,KOSDAQ,False
0101C0,하나36호스팩,KOSDAQ,False
010240,흥국,KOSDAQ,False
010280,아이티센엔텍,KOSDAQ,False
010470,오리콤,KOSDAQ,False
0105P0,유진스팩12호,KOSDAQ,False
011040,경동제약,KOSDAQ,False
011080,형지I&C,KOSDAQ,False
011320,유니크,KOSDAQ,False
011370,서한,KOSDAQ,False
011560,세보엠이씨,KOSDAQ,False
0115H0,삼성스팩13호,KOSDAQ,False
0117P0,피스피스스튜디오,KOSDAQ,False
012210,삼미금속,KOSDAQ,False
012340,뉴인텍,KOSDAQ,False
012620,원일특강,KOSDAQ,False
012700,리드코프,KOSDAQ,False
012790,신일제약,KOSDAQ,False
012860,모베이스전자,KOSDAQ,False
0129K0,신한제18호스팩,KOSDAQ,False
013030,하이록코리아,KOSDAQ,False
0130D0,신한제17호스팩,KOSDAQ,False
0130H0,엔에이치스팩33호,KOSDAQ,False
013120,동원개발,KOSDAQ,False
0131D0,키움히어로제2호스팩,KOSDAQ,False
0132G0,교보20호스팩,KOSDAQ,False
013310,아진산업,KOSDAQ,False
0134X0,대신밸런스제20호스팩,KOSDAQ,False
013720,THE CUBE&,KOSDAQ,False
013810,스페코,KOSDAQ,False
013990,아가방컴퍼니,KOSDAQ,False
014100,메디앙스,KOSDAQ,False
014190,원익큐브,KOSDAQ,False
014470,부방,KOSDAQ,False
014570,고려제약,KOSDAQ,False
014620,성광벤드,KOSDAQ,False
014940,오리엔탈정공,KOSDAQ,False
014950,삼익제약,KOSDAQ,False
014970,삼륭물산,KOSDAQ,False
015710,코콤,KOSDAQ,False
015750,성우하이텍,KOSDAQ,False
016100,리더스코스메틱,KOSDAQ,False
016250,SGC E&C,KOSDAQ,False
0165X0,메리츠제2호스팩,KOSDAQ,False
016600,큐캐피탈,KOSDAQ,False
016670,디모아,KOSDAQ,False
016790,현대사료,KOSDAQ,False
016920,카스,KOSDAQ,False
017000,신원종합개발,KOSDAQ,False
017250,인터엠,KOSDAQ,False
017480,삼현철강,KOSDAQ,False
017510,세명전기,KOSDAQ,False
017650,대림제지,KOSDAQ,False
017890,한국알콜,KOSDAQ,False
018000,유니슨,KOSDAQ,False
018120,진로발효,KOSDAQ,False
018290,브이티,KOSDAQ,False
018310,삼목에스폼,KOSDAQ,False
018620,우진비앤지,KOSDAQ,False
018680,서울제약,KOSDAQ,False
018700,졸스,KOSDAQ,False
019010,베뉴지,KOSDAQ,False
019210,와이지-원,KOSDAQ,False
019540,일지테크,KOSDAQ,False
019550,SBI인베스트먼트,KOSDAQ,False
019570,플루토스,KOSDAQ,False
019660,글로본,KOSDAQ,False
019770,서연탑메탈,KOSDAQ,False
019990,에너토크,KOSDAQ,False
020180,대신정보통신,KOSDAQ,False
020400,대동금속,KOSDAQ,False
020710,시공테크,KOSDAQ,False
021040,대호특수강,KOSDAQ,False
021080,에이티넘인베스트,KOSDAQ,False
021320,KCC건설,KOSDAQ,False
021650,한국큐빅,KOSDAQ,False
021880,메이슨캐피탈,KOSDAQ,False
022220,티케이지애강,KOSDAQ,False
023160,태광,KOSDAQ,False
023410,유진기업,KOSDAQ,False
023440,제이스코홀딩스,KOSDAQ,False
023600,삼보판지,KOSDAQ,False
023760,한국캐피탈,KOSDAQ,False
023770,플레이위드,KOSDAQ,False
023790,동일스틸럭스,KOSDAQ,False
023900,풍국주정,KOSDAQ,False
023910,대한약품,KOSDAQ,False
024060,흥구석유,KOSDAQ,False
024120,KB오토시스,KOSDAQ,False
024740,한일단조,KOSDAQ,False
024800,유성티엔에스,KOSDAQ,False
024830,세원물산,KOSDAQ,False
024840,KBI메탈,KOSDAQ,False
024850,HLB이노베이션,KOSDAQ,False
024880,케이피에프,KOSDAQ,False
024910,경창산업,KOSDAQ,False
024940,PN풍년,KOSDAQ,False
024950,삼천리자전거,KOSDAQ,False
025320,시노펙스,KOSDAQ,False
025440,DH오토웨어,KOSDAQ,False
025550,한국선재,KOSDAQ,False
025770,한국정보통신,KOSDAQ,False
025870,신라에스지,KOSDAQ,False
025880,케이씨피드,KOSDAQ,False
025900,동화기업,KOSDAQ,False
025950,동신건설,KOSDAQ,False
025980,아난티,KOSDAQ,False
026040,제이에스티나,KOSDAQ,False
026150,특수건설,KOSDAQ,False
026910,광진실업,KOSDAQ,False
027040,서울전자통신,KOSDAQ,False
027050,코리아나,KOSDAQ,False
027360,아주IB투자,KOSDAQ,False
027580,상보,KOSDAQ,False
027710,팜스토리,KOSDAQ,False
027830,대성창투,KOSDAQ,False
028080,휴맥스홀딩스,KOSDAQ,False
028300,HLB,KOSDAQ,False
029480,광무,KOSDAQ,False
030350,드래곤플라이,KOSDAQ,False
030520,한글과컴퓨터,KOSDAQ,False
030530,원익홀딩스,KOSDAQ,False
030960,양지사,KOSDAQ,False
031310,아이즈비전,KOSDAQ,False
031330,에스에이엠티,KOSDAQ,False
031510,오스템,KOSDAQ,False
031860,디에이치엑스컴퍼니,KOSDAQ,False
031980,피에스케이홀딩스,KOSDAQ,False
032080,아즈텍WB,KOSDAQ,False
032190,다우데이타,KOSDAQ,False
032280,삼일,KOSDAQ,False
032300,한국파마,KOSDAQ,False
032500,케이엠더블유,KOSDAQ,False
032540,TJ미디어,KOSDAQ,False
032580,피델릭스,KOSDAQ,False
032620,GC메디아이,KOSDAQ,False
032680,소프트센,KOSDAQ,False
032750,삼진,KOSDAQ,False
032790,엠젠솔루션,KOSDAQ,False
032800,판타지오,KOSDAQ,False
032820,우리기술,KOSDAQ,False
032850,비트컴퓨터,KOSDAQ,False
032860,더라미,KOSDAQ,False
032940,원익,KOSDAQ,False
032960,동일기연,KOSDAQ,False
032980,바이온,KOSDAQ,False
033050,제이엠아이,KOSDAQ,False
033100,제룡전기,KOSDAQ,False
033130,디지틀조선,KOSDAQ,False
033160,엠케이전자,KOSDAQ,False
033170,시그네틱스,KOSDAQ,False
033200,모아텍,KOSDAQ,False
033230,인성정보,KOSDAQ,False
033290,로젠,KOSDAQ,False
033310,엠투엔,KOSDAQ,False
033320,제이씨현시스템,KOSDAQ,False
033340,좋은사람들,KOSDAQ,False
033500,동성화인텍,KOSDAQ,False
033540,파라텍,KOSDAQ,False
033560,블루콤,KOSDAQ,False
033640,네패스,KOSDAQ,False
033790,피노,KOSDAQ,False
033830,티비씨,KOSDAQ,False
034810,해성산업,KOSDAQ,False
034940,조아제약,KOSDAQ,False
034950,한국기업평가,KOSDAQ,False
035080,그래디언트,KOSDAQ,False
035200,프럼파스트,KOSDAQ,False
035290,골드앤에스,KOSDAQ,False
035460,기산텔레콤,KOSDAQ,False
035600,KG이니시스,KOSDAQ,False
035610,솔본,KOSDAQ,False
035620,바른손이앤에이,KOSDAQ,False
035760,CJ ENM,KOSDAQ,False
035810,이지홀딩스,KOSDAQ,False
035890,서희건설,KOSDAQ,False
035900,JYP Ent.,KOSDAQ,False
036000,예림당,KOSDAQ,False
036010,아비코전자,KOSDAQ,False
036030,케이티알파,KOSDAQ,False
036090,위지트,KOSDAQ,False
036120,서울평가정보,KOSDAQ,False
036170,에이치엠넥스,KOSDAQ,False
036190,금화피에스시,KOSDAQ,False
036200,유니셈,KOSDAQ,False
036220,오상헬스케어,KOSDAQ,False
036480,대성미생물,KOSDAQ,False
036540,SFA반도체,KOSDAQ,False
036560,KZ정밀,KOSDAQ,False
036620,감성코퍼레이션,KOSDAQ,False
036630,세종텔레콤,KOSDAQ,False
036640,HRS,KOSDAQ,False
036670,삼양케이씨아이,KOSDAQ,False
036690,코맥스,KOSDAQ,False
036710,심텍홀딩스,KOSDAQ,False
036800,나이스정보통신,KOSDAQ,False
036810,에프에스티,KOSDAQ,False
036830,솔브레인홀딩스,KOSDAQ,False
036890,진성티이씨,KOSDAQ,False
036930,주성엔지니어링,KOSDAQ,False
037030,파워넷,KOSDAQ,False
037070,파세코,KOSDAQ,False
037230,한국팩키지,KOSDAQ,False
037330,인지디스플레,KOSDAQ,False
037350,성도이엔지,KOSDAQ,False
037370,EG,KOSDAQ,False
037400,우리엔터프라이즈,KOSDAQ,False
037440,희림,KOSDAQ,False
037460,삼지전자,KOSDAQ,False
037760,쎄니트,KOSDAQ,False
037950,엘컴텍,KOSDAQ,False
038010,제일테크노스,KOSDAQ,False
038060,루멘스,KOSDAQ,False
038070,서린바이오,KOSDAQ,False
038110,에코플라스틱,KOSDAQ,False
038290,마크로젠,KOSDAQ,False
038390,레드캡투어,KOSDAQ,False
038460,바이오스마트,KOSDAQ,False
038500,삼표시멘트,KOSDAQ,False
038530,케이바이오랩스,KOSDAQ,False
038540,상상인,KOSDAQ,False
038620,위즈코프,KOSDAQ,False
038680,에스넷,KOSDAQ,False
038870,에코심플렉스,KOSDAQ,False
038880,아이에이,KOSDAQ,False
038950,파인디지털,KOSDAQ,False
039010,현대에이치티,KOSDAQ,False
039020,이건홀딩스,KOSDAQ,False
039030,이오테크닉스,KOSDAQ,False
039200,오스코텍,KOSDAQ,False
039240,경남스틸,KOSDAQ,False
039290,인포뱅크,KOSDAQ,False
039310,세중,KOSDAQ,False
039340,한국경제TV,KOSDAQ,False
039420,케이엘넷,KOSDAQ,False
039440,에스티아이,KOSDAQ,False
039560,다산네트웍스,KOSDAQ,False
039610,화성밸브,KOSDAQ,False
039740,한국정보공학,KOSDAQ,False
039830,오로라,KOSDAQ,False
039840,디오,KOSDAQ,False
039860,나노엔텍,KOSDAQ,False
039980,폴라리스AI,KOSDAQ,False
040160,누리플렉스,KOSDAQ,False
040300,YTN,KOSDAQ,False
040350,크레오에스지,KOSDAQ,False
040420,정상제이엘에스,KOSDAQ,False
040610,SG&G,KOSDAQ,False
040910,아이씨디,KOSDAQ,False
041020,폴라리스오피스,KOSDAQ,False
041190,우리기술투자,KOSDAQ,False
041440,현대에버다임,KOSDAQ,False
041460,한국전자인증,KOSDAQ,False
041510,에스엠,KOSDAQ,False
041520,이엘씨,KOSDAQ,False
041590,플래스크,KOSDAQ,False
041830,인바디,KOSDAQ,False
041910,폴라리스AI파마,KOSDAQ,False
041920,메디아나,KOSDAQ,False
041930,SY동아,KOSDAQ,False
041960,코미팜,KOSDAQ,False
042000,카페24,KOSDAQ,False
042040,케이피엠테크,KOSDAQ,False
042110,에스씨디,KOSDAQ,False
042370,비츠로테크,KOSDAQ,False
042420,네오위즈홀딩스,KOSDAQ,False
042500,링네트,KOSDAQ,False
042510,라온시큐어,KOSDAQ,False
042520,한스바이오메드,KOSDAQ,False
042600,새로닉스,KOSDAQ,False
042940,상지건설,KOSDAQ,False
043090,더테크놀로지,KOSDAQ,False
043100,알파AI,KOSDAQ,False
043150,바텍,KOSDAQ,False
043200,파루,KOSDAQ,False
043220,티에스넥스젠,KOSDAQ,False
043260,성호전자,KOSDAQ,False
043340,에쎈테크,KOSDAQ,False
043360,디지아이,KOSDAQ,False
043370,피에이치에이,KOSDAQ,False
043590,웰킵스하이텍,KOSDAQ,False
043610,KT지니뮤직,KOSDAQ,False
043650,국순당,KOSDAQ,False
043710,코스리거글로벌,KOSDAQ,False
043910,자연과환경,KOSDAQ,False
044180,KD,KOSDAQ,False
044340,위닉스,KOSDAQ,False
044480,빌리언스,KOSDAQ,False
044490,태웅,KOSDAQ,False
044780,에이치케이,KOSDAQ,False
044960,이글벳,KOSDAQ,False
044990,에이치엔에스하이텍,KOSDAQ,False
045060,오공,KOSDAQ,False
045100,한양이엔지,KOSDAQ,False
045300,성우테크론,KOSDAQ,False
045340,토탈소프트,KOSDAQ,False
045390,대아티아이,KOSDAQ,False
045510,정원엔시스,KOSDAQ,False
045520,크린앤사이언스,KOSDAQ,False
045660,에이텍,KOSDAQ,False
045970,코아시아,KOSDAQ,False
046070,코다코,KOSDAQ,False
046120,오르비텍,KOSDAQ,False
046210,HLB파나진,KOSDAQ,False
046310,백금T&A,KOSDAQ,False
046390,삼화네트웍스,KOSDAQ,False
046440,KG파이낸셜,KOSDAQ,False
046890,서울반도체,KOSDAQ,False
046940,우원개발,KOSDAQ,False
046970,우리로,KOSDAQ,False
047080,한빛소프트,KOSDAQ,False
047310,파워로직스,KOSDAQ,False
047560,이스트소프트,KOSDAQ,False
047770,코데즈컴바인,KOSDAQ,False
047820,초록뱀미디어,KOSDAQ,False
047920,HLB제약,KOSDAQ,False
048410,현대바이오,KOSDAQ,False
048430,유라테크,KOSDAQ,False
048470,대동스틸,KOSDAQ,False
048530,인트론바이오,KOSDAQ,False
048550,SM C&C,KOSDAQ,False
048770,TPC로보틱스,KOSDAQ,False
048830,엔피케이,KOSDAQ,False
048870,시너지이노베이션,KOSDAQ,False
048910,대원미디어,KOSDAQ,False
049070,인탑스,KOSDAQ,False
049080,기가레인,KOSDAQ,False
049120,파인디앤씨,KOSDAQ,False
049180,셀루메드,KOSDAQ,False
049430,코메론,KOSDAQ,False
049470,비트플래닛,KOSDAQ,False
049480,오픈베이스,KOSDAQ,False
049520,유아이엘,KOSDAQ,False
049550,잉크테크,KOSDAQ,False
049630,재영솔루텍,KOSDAQ,False
049720,고려신용정보,KOSDAQ,False
049830,승일,KOSDAQ,False
049950,미래컴퍼니,KOSDAQ,False
049960,쎌바이오텍,KOSDAQ,False
050090,비케이홀딩스,KOSDAQ,False
050110,캠시스,KOSDAQ,False
050120,ES큐브,KOSDAQ,False
050760,에스폴리텍,KOSDAQ,False
050860,아세아텍,KOSDAQ,False
050890,쏠리드,KOSDAQ,False
050960,수산아이앤티,KOSDAQ,False
051160,지어소프트,KOSDAQ,False
051360,토비스,KOSDAQ,False
051370,인터플렉스,KOSDAQ,False
051380,피씨디렉트,KOSDAQ,False
051390,YW,KOSDAQ,False
051490,나라엠앤디,KOSDAQ,False
051500,CJ프레시웨이,KOSDAQ,False
051780,큐로홀딩스,KOSDAQ,False
051980,중앙첨단소재,KOSDAQ,False
052020,에스티큐브,KOSDAQ,False
052220,iMBC,KOSDAQ,False
052260,현대바이오랜드,KOSDAQ,False
052300,오션인더블유,KOSDAQ,False
052330,코텍,KOSDAQ,False
052400,코나아이,KOSDAQ,False
052420,오성첨단소재,KOSDAQ,False
052460,아이크래프트,KOSDAQ,False
052600,한네트,KOSDAQ,False
052710,아모텍,KOSDAQ,False
052770,아이톡시,KOSDAQ,False
052790,액토즈소프트,KOSDAQ,False
052860,아이앤씨,KOSDAQ,False
052900,KX하이텍,KOSDAQ,False
053030,바이넥스,KOSDAQ,False
053050,지에스이,KOSDAQ,False
053060,세동,KOSDAQ,False
053080,케이엔솔,KOSDAQ,False
053160,프리엠스,KOSDAQ,False
053260,금강철강,KOSDAQ,False
053270,구영테크,KOSDAQ,False
053280,예스24,KOSDAQ,False
053290,NE능률,KOSDAQ,False
053300,한국정보인증,KOSDAQ,False
053350,이니텍,KOSDAQ,False
053450,세코닉스,KOSDAQ,False
053580,웹케시,KOSDAQ,False
053610,프로텍,KOSDAQ,False
053620,태양,KOSDAQ,False
053700,삼보모터스,KOSDAQ,False
053800,안랩,KOSDAQ,False
053950,경남제약,KOSDAQ,False
053980,오상자이엘,KOSDAQ,False
054040,한국컴퓨터,KOSDAQ,False
054050,NH농우바이오,KOSDAQ,False
054090,삼진엘앤디,KOSDAQ,False
054180,메디콕스,KOSDAQ,False
054210,이랜텍,KOSDAQ,False
054220,비츠로시스,KOSDAQ,False
054300,팬스타엔터프라이즈,KOSDAQ,False
054410,케이피티유,KOSDAQ,False
054450,텔레칩스,KOSDAQ,False
054540,삼영엠텍,KOSDAQ,False
054620,APS,KOSDAQ,False
054670,대한뉴팜,KOSDAQ,False
054780,키이스트,KOSDAQ,False
054800,아이디스홀딩스,KOSDAQ,False
054920,한컴위드,KOSDAQ,False
054930,유신,KOSDAQ,False
054940,엑사이엔씨,KOSDAQ,False
054950,제이브이엠,KOSDAQ,False
056080,유진로봇,KOSDAQ,False
056090,시지메드텍,KOSDAQ,False
056190,에스에프에이,KOSDAQ,False
056360,코위버,KOSDAQ,False
056700,신화인터텍,KOSDAQ,False
056730,CNT85,KOSDAQ,False
057030,YBM넷,KOSDAQ,False
057540,옴니시스템,KOSDAQ,False
057680,티사이언티픽,KOSDAQ,False
058110,멕아이씨에스,KOSDAQ,False
058400,KNN,KOSDAQ,False
058450,한주에이알티,KOSDAQ,False
058470,리노공업,KOSDAQ,False
058610,에스피지,KOSDAQ,False
058630,엠게임,KOSDAQ,False
058820,CMG제약,KOSDAQ,False
058970,엠로,KOSDAQ,False
059090,미코,KOSDAQ,False
059100,아이컴포넌트,KOSDAQ,False
059120,아진엑스텍,KOSDAQ,False
059210,메타바이오메드,KOSDAQ,False
059270,해성에어로보틱스,KOSDAQ,False
060150,인선이엔티,KOSDAQ,False
060230,제이케이시냅스,KOSDAQ,False
060240,스타코링크,KOSDAQ,False
060250,NHN KCP,KOSDAQ,False
060260,뉴보텍,KOSDAQ,False
060280,큐렉소,KOSDAQ,False
060310,3S,KOSDAQ,False
060370,LS마린솔루션,KOSDAQ,False
060380,동양에스텍,KOSDAQ,False
060480,국일신동,KOSDAQ,False
060540,에스에이티,KOSDAQ,False
060560,HC홈센타,KOSDAQ,False
060570,드림어스컴퍼니,KOSDAQ,False
060590,씨티씨바이오,KOSDAQ,False
060720,KH바텍,KOSDAQ,False
060850,영림원소프트랩,KOSDAQ,False
060900,에이전트AI,KOSDAQ,False
061040,알에프텍,KOSDAQ,False
061090,세나테크놀로지,KOSDAQ,False
061250,화일약품,KOSDAQ,False
061970,LB세미콘,KOSDAQ,False
062970,한국첨단소재,KOSDAQ,False
063080,컴투스홀딩스,KOSDAQ,False
063170,서울옥션,KOSDAQ,False
063440,SM Life Design,KOSDAQ,False
063570,NICE인프라,KOSDAQ,False
063760,이엘피,KOSDAQ,False
064090,인크레더블버즈,KOSDAQ,False
064240,홈캐스트,KOSDAQ,False
064260,다날,KOSDAQ,False
064290,인텍플러스,KOSDAQ,False
064480,브리지텍,KOSDAQ,False
064520,테크엘,KOSDAQ,False
064550,바이오니아,KOSDAQ,False
064760,티씨케이,KOSDAQ,False
064800,포니링크,KOSDAQ,False
064820,케이프,KOSDAQ,False
064850,에프앤가이드,KOSDAQ,False
065060,지엔코,KOSDAQ,False
065130,탑엔지니어링,KOSDAQ,False
065150,대산F&B,KOSDAQ,False
065170,비엘팜텍,KOSDAQ,False
065350,신성델타테크,KOSDAQ,False
065370,위세아이텍,KOSDAQ,False
065420,에스아이리소스,KOSDAQ,False
065440,이루온,KOSDAQ,False
065450,빅텍,KOSDAQ,False
065500,오리엔트정공,KOSDAQ,False
065510,휴비츠,KOSDAQ,False
065530,와이어블,KOSDAQ,False
065570,삼영이엔씨,KOSDAQ,False
065650,하이퍼코퍼레이션,KOSDAQ,False
065660,안트로젠,KOSDAQ,False
065680,우주일렉트로,KOSDAQ,False
065690,파커스,KOSDAQ,False
065710,서호전기,KOSDAQ,False
065770,CS,KOSDAQ,False
065950,웰크론,KOSDAQ,False
066130,하츠,KOSDAQ,False
066310,큐에스아이,KOSDAQ,False
066360,체리부로,KOSDAQ,False
066410,버킷스튜디오,KOSDAQ,False
066430,아이로보틱스,KOSDAQ,False
066590,스모트로닉,KOSDAQ,False
066620,국보디자인,KOSDAQ,False
066670,디티씨,KOSDAQ,False
066700,테라젠이텍스,KOSDAQ,False
066790,씨씨에스,KOSDAQ,False
066900,디에이피,KOSDAQ,False
066910,손오공,KOSDAQ,False
066980,한성크린텍,KOSDAQ,False
067000,조이시티,KOSDAQ,False
067010,이씨에스,KOSDAQ,False
067080,대화제약,KOSDAQ,False
067160,SOOP,KOSDAQ,False
067170,오텍,KOSDAQ,False
067280,멀티캠퍼스,KOSDAQ,False
067290,JW신약,KOSDAQ,False
067310,하나마이크론,KOSDAQ,False
067370,선바이오,KOSDAQ,False
067390,아스트,KOSDAQ,False
067570,엔브이에이치코리아,KOSDAQ,False
067630,HLB생명과학,KOSDAQ,False
067730,로지시스,KOSDAQ,False
067770,세진티에스,KOSDAQ,False
067900,와이엔텍,KOSDAQ,False
067920,이글루,KOSDAQ,False
067990,도이치모터스,KOSDAQ,False
068050,팬엔터테인먼트,KOSDAQ,False
068100,케이웨더,KOSDAQ,False
068240,다원시스,KOSDAQ,False
068330,일신바이오,KOSDAQ,False
068760,셀트리온제약,KOSDAQ,False
068790,DMS,KOSDAQ,False
068930,디지털대성,KOSDAQ,False
068940,셀피글로벌,KOSDAQ,False
069080,웹젠,KOSDAQ,False
069140,누리플랜,KOSDAQ,False
069330,유아이디,KOSDAQ,False
069410,엔텔스,KOSDAQ,False
069510,에스텍,KOSDAQ,False
069540,빛과전자,KOSDAQ,False
069920,엑시온그룹,KOSDAQ,False
070300,엑스큐어,KOSDAQ,False
070590,인티큐브,KOSDAQ,False
071200,인피니트헬스케어,KOSDAQ,False
071280,로체시스템즈,KOSDAQ,False
071670,에이테크솔루션,KOSDAQ,False
071850,캐스텍코리아,KOSDAQ,False
072020,중앙백신,KOSDAQ,False
072470,우리산업홀딩스,KOSDAQ,False
072770,멤레이비티,KOSDAQ,False
072870,메가스터디,KOSDAQ,False
072950,빛샘전자,KOSDAQ,False
072990,에이치시티,KOSDAQ,False
073010,케이에스피,KOSDAQ,False
073110,엘엠에스,KOSDAQ,False
073190,듀오백,KOSDAQ,False
073490,LIG아큐버,KOSDAQ,False
073540,에프알텍,KOSDAQ,False
073560,우리손에프앤지,KOSDAQ,False
073570,리튬포어스,KOSDAQ,False
073640,테라사이언스,KOSDAQ,False
074430,아미노로직스,KOSDAQ,False
074600,원익QnC,KOSDAQ,False
075130,플랜티넷,KOSDAQ,False
075970,동국알앤에스,KOSDAQ,False
076080,웰크론한텍,KOSDAQ,False
076610,해성옵틱스,KOSDAQ,False
077360,덕산하이메탈,KOSDAQ,False
078020,LS증권,KOSDAQ,False
078070,유비쿼스홀딩스,KOSDAQ,False
078130,국일제지,KOSDAQ,False
078140,대봉엘에스,KOSDAQ,False
078150,HB테크놀러지,KOSDAQ,False
078160,메디포스트,KOSDAQ,False
078340,컴투스,KOSDAQ,False
078350,한양디지텍,KOSDAQ,False
078590,휴림에이텍,KOSDAQ,False
078600,대주전자재료,KOSDAQ,False
078860,아이오케이이엔엠,KOSDAQ,False
078890,가온그룹,KOSDAQ,False
079000,와토스코리아,KOSDAQ,False
079170,한창산업,KOSDAQ,False
079190,케스피온,KOSDAQ,False
079370,제우스,KOSDAQ,False
079650,서산,KOSDAQ,False
079810,APS이노베이션,KOSDAQ,False
079940,가비아,KOSDAQ,False
079950,인베니아,KOSDAQ,False
079960,동양이엔피,KOSDAQ,False
079970,투비소프트,KOSDAQ,False
080010,이상네트웍스,KOSDAQ,False
080160,모두투어,KOSDAQ,False
080220,제주반도체,KOSDAQ,False
080420,모다이노칩,KOSDAQ,False
080470,성창오토텍,KOSDAQ,False
080520,오디텍,KOSDAQ,False
080530,코디,KOSDAQ,False
080580,오킨스전자,KOSDAQ,False
080720,한국유니온제약,KOSDAQ,False
081150,티플랙스,KOSDAQ,False
081180,쎄크,KOSDAQ,False
081580,성우전자,KOSDAQ,False
082210,옵트론텍,KOSDAQ,False
082270,젬백스,KOSDAQ,False
082660,코스나인,KOSDAQ,False
082800,비보존 제약,KOSDAQ,False
082850,우리바이오,KOSDAQ,False
082920,비츠로셀,KOSDAQ,False
083310,엘오티베큠,KOSDAQ,False
083450,GST,KOSDAQ,False
083470,이엠앤아이,KOSDAQ,False
083500,에프엔에스테크,KOSDAQ,False
083550,케이엠,KOSDAQ,False
083640,인콘,KOSDAQ,False
083650,비에이치아이,KOSDAQ,False
083660,CSA 코스믹,KOSDAQ,False
083790,CG인바이츠,KOSDAQ,False
083930,아바코,KOSDAQ,False
084110,휴온스글로벌,KOSDAQ,False
084180,수성웹툰,KOSDAQ,False
084370,유진테크,KOSDAQ,False
084440,유비온,KOSDAQ,False
084650,랩지노믹스,KOSDAQ,False
084730,팅크웨어,KOSDAQ,False
084850,아이티엠반도체,KOSDAQ,False
084990,헬릭스미스,KOSDAQ,False
085660,차바이오텍,KOSDAQ,False
085670,뉴프렉스,KOSDAQ,False
085810,알티캐스트,KOSDAQ,False
085910,네오티스,KOSDAQ,False
086040,바이오톡스텍,KOSDAQ,False
086060,진바이오텍,KOSDAQ,False
086390,유니테스트,KOSDAQ,False
086450,동국제약,KOSDAQ,False
086520,에코프로,KOSDAQ,False
086670,비엠티,KOSDAQ,False
086710,선진뷰티사이언스,KOSDAQ,False
086820,바이오솔루션,KOSDAQ,False
086890,이수앱지스,KOSDAQ,False
086900,메디톡스,KOSDAQ,False
086960,MDS테크,KOSDAQ,False
086980,쇼박스,KOSDAQ,False
087010,펩트론,KOSDAQ,False
087260,모바일어플라이언스,KOSDAQ,False
087600,픽셀플러스,KOSDAQ,False
088130,동아엘텍,KOSDAQ,False
088280,쏘닉스,KOSDAQ,False
088290,이원컴포텍,KOSDAQ,False
088340,유라클,KOSDAQ,False
088390,이녹스,KOSDAQ,False
088800,에이스테크,KOSDAQ,False
088910,동우팜투테이블,KOSDAQ,False
089010,켐트로닉스,KOSDAQ,False
089030,테크윙,KOSDAQ,False
089140,넥스턴앤롤코리아,KOSDAQ,False
089150,케이씨티,KOSDAQ,False
089230,THE E&M,KOSDAQ,False
089600,KT나스미디어,KOSDAQ,False
089790,제이티,KOSDAQ,False
089850,유비벨록스,KOSDAQ,False
089890,코세스,KOSDAQ,False
089970,브이엠,KOSDAQ,False
089980,상아프론테크,KOSDAQ,False
090150,아이윈,KOSDAQ,False
090360,로보스타,KOSDAQ,False
090410,덕신이피씨,KOSDAQ,False
090470,제이스로보틱스,KOSDAQ,False
090710,휴림로봇,KOSDAQ,False
090850,현대이지웰,KOSDAQ,False
091120,이엠텍,KOSDAQ,False
091340,S&K폴리텍,KOSDAQ,False
091440,한울소재과학,KOSDAQ,False
091580,상신이디피,KOSDAQ,False
091590,남화토건,KOSDAQ,False
091700,파트론,KOSDAQ,False
091970,나노캠텍,KOSDAQ,False
092040,아미코젠,KOSDAQ,False
092070,디엔에프,KOSDAQ,False
092130,이크레더블,KOSDAQ,False
092190,서울바이오시스,KOSDAQ,False
092300,현우산업,KOSDAQ,False
092460,한라IMS,KOSDAQ,False
092600,앤씨앤,KOSDAQ,False
092730,네오팜,KOSDAQ,False
092870,엑시콘,KOSDAQ,False
093190,빅솔론,KOSDAQ,False
093320,케이아이엔엑스,KOSDAQ,False
093380,풍강,KOSDAQ,False
093520,매커스,KOSDAQ,False
093640,케이알엠,KOSDAQ,False
093920,서원인텍,KOSDAQ,False
094170,동운아나텍,KOSDAQ,False
094360,칩스앤미디어,KOSDAQ,False
094480,갤럭시아머니트리,KOSDAQ,False
094820,일진파워,KOSDAQ,False
094840,슈프리마에이치큐,KOSDAQ,False
094850,참좋은여행,KOSDAQ,False
094860,네오리진,KOSDAQ,False
094940,푸른로보틱스,KOSDAQ,False
094970,제이엠티,KOSDAQ,False
095190,신화프리텍,KOSDAQ,False
095270,웨이브일렉트로,KOSDAQ,False
095340,ISC,KOSDAQ,False
095500,미래나노텍,KOSDAQ,False
095610,테스,KOSDAQ,False
095660,네오위즈,KOSDAQ,False
095700,제넥신,KOSDAQ,False
095910,에스에너지,KOSDAQ,False
096240,크레버스,KOSDAQ,False
096250,와이즈넛,KOSDAQ,False
096350,대창솔루션,KOSDAQ,False
096530,씨젠,KOSDAQ,False
096610,알에프세미,KOSDAQ,False
096630,에스코넥,KOSDAQ,False
096690,에이루트,KOSDAQ,False
096870,엘디티,KOSDAQ,False
097780,에코볼트,KOSDAQ,False
097800,윈팩,KOSDAQ,False
097870,효성오앤비,KOSDAQ,False
098070,한텍,KOSDAQ,False
098120,마이크로컨텍솔,KOSDAQ,False
098460,고영,KOSDAQ,False
098660,에스티오,KOSDAQ,False
099190,아이센스,KOSDAQ,False
099220,SDN,KOSDAQ,False
099320,쎄트렉아이,KOSDAQ,False
099390,브레인즈컴퍼니,KOSDAQ,False
099410,동방선기,KOSDAQ,False
099430,바이오플러스,KOSDAQ,False
099440,스맥,KOSDAQ,False
099520,DGI,KOSDAQ,False
099750,이지케어텍,KOSDAQ,False
100030,인지소프트,KOSDAQ,False
100120,뷰웍스,KOSDAQ,False
100130,동국S&C,KOSDAQ,False
100590,머큐리,KOSDAQ,False
100660,서암기계공업,KOSDAQ,False
100700,세운메디칼,KOSDAQ,False
100790,미래에셋벤처투자,KOSDAQ,False
101000,KS인더스트리,KOSDAQ,False
101160,월덱스,KOSDAQ,False
101170,우림피티에스,KOSDAQ,False
101240,씨큐브,KOSDAQ,False
101330,모베이스,KOSDAQ,False
101360,에코앤드림,KOSDAQ,False
101390,아이엠,KOSDAQ,False
101400,엔시트론,KOSDAQ,False
101490,에스앤에스텍,KOSDAQ,False
101670,하이드로리튬,KOSDAQ,False
101680,한국정밀기계,KOSDAQ,False
101730,위메이드맥스,KOSDAQ,False
101930,인화정공,KOSDAQ,False
101970,우양에이치씨,KOSDAQ,False
102120,어보브반도체,KOSDAQ,False
102370,케이옥션,KOSDAQ,False
102710,이엔에프테크놀로지,KOSDAQ,False
102940,코오롱생명과학,KOSDAQ,False
103230,에스앤더블류,KOSDAQ,False
103840,우양,KOSDAQ,False
104040,디에스엠,KOSDAQ,False
104200,NHN벅스,KOSDAQ,False
104460,디와이피엔에프,KOSDAQ,False
104480,티케이케미칼,KOSDAQ,False
104540,코렌텍,KOSDAQ,False
104620,노랑풍선,KOSDAQ,False
104830,원익머트리얼즈,KOSDAQ,False
105330,케이엔더블유,KOSDAQ,False
105550,엣지파운드리,KOSDAQ,False
105740,디케이락,KOSDAQ,False
105760,포스뱅크,KOSDAQ,False
106080,케이이엠텍,KOSDAQ,False
106190,하이텍팜,KOSDAQ,False
106240,파인테크닉스,KOSDAQ,False
106520,노블엠앤비,KOSDAQ,False
107600,새빗켐,KOSDAQ,False
107640,한중엔시에스,KOSDAQ,False
108230,톱텍,KOSDAQ,False
108380,대양전기공업,KOSDAQ,False
108490,로보티즈,KOSDAQ,False
108860,셀바스AI,KOSDAQ,False
109080,옵티시스,KOSDAQ,False
109610,에스와이,KOSDAQ,False
109670,씨싸이트,KOSDAQ,False
109740,디에스케이,KOSDAQ,False
109820,진매트릭스,KOSDAQ,False
109860,동일금속,KOSDAQ,False
109960,앱토크롬,KOSDAQ,False
110020,전진바이오팜,KOSDAQ,False
110790,크리스에프앤씨,KOSDAQ,False
110990,디아이티,KOSDAQ,False
111710,남화산업,KOSDAQ,False
112040,위메이드,KOSDAQ,False
112290,와이씨켐,KOSDAQ,False
113810,디젠스,KOSDAQ,False
114190,강원에너지,KOSDAQ,False
114450,그린생명과학,KOSDAQ,False
114630,폴라리스우노,KOSDAQ,False
114810,한솔아이원스,KOSDAQ,False
114840,아이패밀리에스씨,KOSDAQ,False
115160,휴맥스,KOSDAQ,False
115180,큐리언트,KOSDAQ,False
115310,인포바인,KOSDAQ,False
115440,우리넷,KOSDAQ,False
115450,HLB테라퓨틱스,KOSDAQ,False
115480,씨유메디칼,KOSDAQ,False
115500,케이씨에스,KOSDAQ,False
115530,씨엔플러스,KOSDAQ,False
115570,스타플렉스,KOSDAQ,False
115610,이미지스,KOSDAQ,False
117670,알파칩스,KOSDAQ,False
117730,티로보틱스,KOSDAQ,False
118990,모트렉스,KOSDAQ,False
119500,포메탈,KOSDAQ,False
119610,인터로조,KOSDAQ,False
119830,아이텍,KOSDAQ,False
119850,지엔씨에너지,KOSDAQ,False
120240,대정화금,KOSDAQ,False
121440,골프존홀딩스,KOSDAQ,False
121600,나노신소재,KOSDAQ,False
121800,비덴트,KOSDAQ,False
121850,코이즈,KOSDAQ,False
121890,에스디시스템,KOSDAQ,False
122310,제노레이,KOSDAQ,False
122350,삼기,KOSDAQ,False
122450,KX,KOSDAQ,False
122640,예스티,KOSDAQ,False
122690,서진오토모티브,KOSDAQ,False
122870,와이지엔터테인먼트,KOSDAQ,False
122990,와이솔,KOSDAQ,False
123010,알엔티엑스,KOSDAQ,False
123040,엠에스오토텍,KOSDAQ,False
123330,제닉,KOSDAQ,False
123410,코리아에프티,KOSDAQ,False
123420,위메이드플레이,KOSDAQ,False
123570,이엠넷,KOSDAQ,False
123750,알톤,KOSDAQ,False
123840,뉴온,KOSDAQ,False
123860,아나패스,KOSDAQ,False
124500,아이티센글로벌,KOSDAQ,False
124560,태웅로직스,KOSDAQ,False
125020,티씨머티리얼즈,KOSDAQ,False
125210,아모그린텍,KOSDAQ,False
125490,한라캐스트,KOSDAQ,False
126340,비나텍,KOSDAQ,False
126600,BGF에코머티리얼즈,KOSDAQ,False
126640,화신정공,KOSDAQ,False
126700,하이비젼시스템,KOSDAQ,False
126730,코칩,KOSDAQ,False
126880,제이엔케이글로벌,KOSDAQ,False
127120,제이에스링크,KOSDAQ,False
127710,아시아경제,KOSDAQ,False
127980,화인써키트,KOSDAQ,False
128540,에코캡,KOSDAQ,False
128660,피제이메탈,KOSDAQ,False
129890,앱코,KOSDAQ,False
129920,대성하이텍,KOSDAQ,False
130500,GH신소재,KOSDAQ,False
130580,나이스디앤비,KOSDAQ,False
130740,티피씨글로벌,KOSDAQ,False
131030,옵투스제약,KOSDAQ,False
131090,시큐브,KOSDAQ,False
131100,티엔엔터테인먼트,KOSDAQ,False
131180,딜리,KOSDAQ,False
131220,대한과학,KOSDAQ,False
131290,티에스이,KOSDAQ,False
131370,알서포트,KOSDAQ,False
131400,이브이첨단소재,KOSDAQ,False
131760,파인텍,KOSDAQ,False
131970,두산테스나,KOSDAQ,False
133750,메가엠디,KOSDAQ,False
134060,이퓨쳐,KOSDAQ,False
134580,탑코미디어,KOSDAQ,False
136150,원일티엔아이,KOSDAQ,False
136410,아셈스,KOSDAQ,False
136480,하림,KOSDAQ,False
136540,윈스테크넷,KOSDAQ,False
137080,나래나노텍,KOSDAQ,False
137400,피엔티,KOSDAQ,False
137940,넥스트아이,KOSDAQ,False
137950,제이씨케미칼,KOSDAQ,False
138070,신진에스엠,KOSDAQ,False
138080,오이솔루션,KOSDAQ,False
138360,앤로보틱스,KOSDAQ,False
138610,나이벡,KOSDAQ,False
139670,키네마스터,KOSDAQ,False
140070,서플러스글로벌,KOSDAQ,False
140410,메지온,KOSDAQ,False
140430,카티스,KOSDAQ,False
140520,대창스틸,KOSDAQ,False
140670,알에스오토메이션,KOSDAQ,False
140860,파크시스템스,KOSDAQ,False
141000,비아트론,KOSDAQ,False
141080,리가켐바이오,KOSDAQ,False
142210,유니트론텍,KOSDAQ,False
142280,녹십자엠에스,KOSDAQ,False
142760,모아라이프플러스,KOSDAQ,False
143160,아이디스,KOSDAQ,False
143240,사람인,KOSDAQ,False
143540,영우디에스피,KOSDAQ,False
144510,지씨셀,KOSDAQ,False
144960,뉴파워프라즈마,KOSDAQ,False
145020,휴젤,KOSDAQ,False
145170,노브랜드,KOSDAQ,False
146060,율촌,KOSDAQ,False
146320,비씨엔씨,KOSDAQ,False
147760,피엠티,KOSDAQ,False
147830,제룡산업,KOSDAQ,False
148150,세경하이테크,KOSDAQ,False
148250,알엔투테크놀로지,KOSDAQ,False
148780,비큐AI,KOSDAQ,False
148930,에이치와이티씨,KOSDAQ,False
149950,아바텍,KOSDAQ,False
149980,하이로닉,KOSDAQ,False
150900,파수AI,KOSDAQ,False
151860,KG에코솔루션,KOSDAQ,False
153460,네이블,KOSDAQ,False
153490,우리이앤엘하루틴,KOSDAQ,False
153710,옵티팜,KOSDAQ,False
154030,아시아종묘,KOSDAQ,False
154040,다산솔루에타,KOSDAQ,False
155650,와이엠씨,KOSDAQ,False
156100,엘앤케이바이오,KOSDAQ,False
158430,아톤,KOSDAQ,False
159010,아스플로,KOSDAQ,False
159580,제로투세븐,KOSDAQ,False
159910,에코글로우,KOSDAQ,False
160190,하이젠알앤엠,KOSDAQ,False
160550,NEW,KOSDAQ,False
160980,싸이맥스,KOSDAQ,False
161580,필옵틱스,KOSDAQ,False
162300,신스틸,KOSDAQ,False
163280,에어레인,KOSDAQ,False
163730,핑거,KOSDAQ,False
166090,하나머티리얼즈,KOSDAQ,False
166480,코아스템켐온,KOSDAQ,False
168330,내츄럴엔도텍,KOSDAQ,False
168360,펨트론,KOSDAQ,False
169330,엠브레인,KOSDAQ,False
170030,현대공업,KOSDAQ,False
170790,파이오링크,KOSDAQ,False
170920,엘티씨,KOSDAQ,False
171010,램테크놀러지,KOSDAQ,False
171090,선익시스템,KOSDAQ,False
171120,라이온켐텍,KOSDAQ,False
172670,에이엘티,KOSDAQ,False
173130,오파스넷,KOSDAQ,False
173940,에프엔씨엔터,KOSDAQ,False
174900,앱클론,KOSDAQ,False
175140,휴먼테크놀로지,KOSDAQ,False
175250,아이큐어,KOSDAQ,False
176750,듀켐바이오,KOSDAQ,False
177350,베셀,KOSDAQ,False
177830,파버나인,KOSDAQ,False
177900,쓰리에이로직스,KOSDAQ,False
178320,서진시스템,KOSDAQ,False
178780,일월지엠엘,KOSDAQ,False
179290,엠아이텍,KOSDAQ,False
179530,애드바이오텍,KOSDAQ,False
179900,유티아이,KOSDAQ,False
180400,DXVX,KOSDAQ,False
182360,큐브엔터,KOSDAQ,False
182400,엔케이젠바이오텍코리아,KOSDAQ,False
183300,코미코,KOSDAQ,False
183490,엔지켐생명과학,KOSDAQ,False
184230,SGA솔루션즈,KOSDAQ,False
185490,아이진,KOSDAQ,False
186230,그린플러스,KOSDAQ,False
187220,디티앤씨,KOSDAQ,False
187270,신화콘텍,KOSDAQ,False
187420,HLB제넥스,KOSDAQ,False
187660,페니트리움바이오,KOSDAQ,False
187790,나노,KOSDAQ,False
187870,디바이스,KOSDAQ,False
188040,바이오포트,KOSDAQ,False
188260,세니젠,KOSDAQ,False
189300,인텔리안테크,KOSDAQ,False
189330,씨이랩,KOSDAQ,False
189690,포시에스,KOSDAQ,False
189860,서전기전,KOSDAQ,False
189980,흥국에프엔비,KOSDAQ,False
190510,나무가,KOSDAQ,False
190650,코리아에셋투자증권,KOSDAQ,False
191410,육일씨엔에쓰,KOSDAQ,False
191420,테고사이언스,KOSDAQ,False
192250,케이사인,KOSDAQ,False
192390,윈하이텍,KOSDAQ,False
192410,오늘이엔엠,KOSDAQ,False
192440,슈피겐코리아,KOSDAQ,False
193250,링크드,KOSDAQ,False
194480,데브시스터즈,KOSDAQ,False
194700,노바렉스,KOSDAQ,False
195500,마니커에프앤지,KOSDAQ,False
195940,HK이노엔,KOSDAQ,False
195990,에이비프로바이오,KOSDAQ,False
196170,알테오젠,KOSDAQ,False
196300,HLB펩,KOSDAQ,False
196450,코아시아씨엠,KOSDAQ,False
196490,디에이테크놀로지,KOSDAQ,False
196700,웹스,KOSDAQ,False
197140,디지캡,KOSDAQ,False
198080,캐프,KOSDAQ,False
198440,강동씨앤엘,KOSDAQ,False
198940,한주라이트메탈,KOSDAQ,False
199430,케이엔알시스템,KOSDAQ,False
199480,뱅크웨어글로벌,KOSDAQ,False
199550,레이저옵텍,KOSDAQ,False
199730,바이오인프라,KOSDAQ,False
199800,툴젠,KOSDAQ,False
199820,제일일렉트릭,KOSDAQ,False
200130,콜마비앤에이치,KOSDAQ,False
200230,텔콘RF제약,KOSDAQ,False
200350,아티스트스튜디오,KOSDAQ,False
200470,에이팩트,KOSDAQ,False
200670,휴메딕스,KOSDAQ,False
200710,에이디테크놀로지,KOSDAQ,False
200780,비씨월드제약,KOSDAQ,False
201490,미투온,KOSDAQ,False
203400,에이비온,KOSDAQ,False
203450,유니온바이오메트릭스,KOSDAQ,False
203650,드림시큐리티,KOSDAQ,False
203690,아크솔루션스,KOSDAQ,False
204020,그리티,KOSDAQ,False
204270,제이앤티씨,KOSDAQ,False
204610,티쓰리,KOSDAQ,False
204620,글로벌텍스프리,KOSDAQ,False
204840,지엘팜텍,KOSDAQ,False
205100,엑셈,KOSDAQ,False
205470,휴마시스,KOSDAQ,False
205500,넥써쓰,KOSDAQ,False
206400,베노티앤알,KOSDAQ,False
206560,덱스터,KOSDAQ,False
206640,바디텍메드,KOSDAQ,False
206650,유바이오로직스,KOSDAQ,False
207760,미스터블루,KOSDAQ,False
208140,정다운,KOSDAQ,False
208350,지란지교시큐리티,KOSDAQ,False
208370,셀바스헬스케어,KOSDAQ,False
208640,썸에이지,KOSDAQ,False
208710,포톤,KOSDAQ,False
208860,다산디엠씨,KOSDAQ,False
209640,와이제이링크,KOSDAQ,False
210120,캔버스엔,KOSDAQ,False
211050,인카금융서비스,KOSDAQ,False
211270,AP위성,KOSDAQ,False
212560,네오오토,KOSDAQ,False
212710,아이에스티이,KOSDAQ,False
213420,덕산네오룩스,KOSDAQ,False
214150,클래시스,KOSDAQ,False
214180,헥토이노베이션,KOSDAQ,False
214260,라파스,KOSDAQ,False
214270,FSN,KOSDAQ,False
214370,케어젠,KOSDAQ,False
214430,아이쓰리시스템,KOSDAQ,False
214450,파마리서치,KOSDAQ,False
214610,롤링스톤,KOSDAQ,False
214680,디알텍,KOSDAQ,False
215000,골프존,KOSDAQ,False
215090,솔디펜스,KOSDAQ,False
215100,로보로보,KOSDAQ,False
215200,메가스터디교육,KOSDAQ,False
215360,우리산업,KOSDAQ,False
215380,우정바이오,KOSDAQ,False
215480,토박스코리아,KOSDAQ,False
215600,신라젠,KOSDAQ,False
215790,이노인스트루먼트,KOSDAQ,False
216050,인크로스,KOSDAQ,False
216080,제테마,KOSDAQ,False
217190,제너셈,KOSDAQ,False
217270,넵튠,KOSDAQ,False
217330,싸이토젠,KOSDAQ,False
217480,에스디생명공학,KOSDAQ,False
217500,러셀,KOSDAQ,False
217730,강스템바이오텍,KOSDAQ,False
217820,원익피앤이,KOSDAQ,False
218150,미래생명자원,KOSDAQ,False
218410,RFHIC,KOSDAQ,False
219130,타이거일렉,KOSDAQ,False
219420,링크제니시스,KOSDAQ,False
219550,디와이디,KOSDAQ,False
219750,한국비티비,KOSDAQ,False
220100,퓨쳐켐,KOSDAQ,False
220180,핸디소프트,KOSDAQ,False
220260,켐트로스,KOSDAQ,False
221800,지구홀딩스,KOSDAQ,False
221840,하이즈항공,KOSDAQ,False
221980,케이디켐,KOSDAQ,False
222040,코스맥스엔비티,KOSDAQ,False
222080,씨아이에스,KOSDAQ,False
222110,팬젠,KOSDAQ,False
222160,NPX,KOSDAQ,False
222420,쎄노텍,KOSDAQ,False
222800,심텍,KOSDAQ,False
222980,한국맥널티,KOSDAQ,False
223250,드림씨아이에스,KOSDAQ,False
223310,사토시홀딩스,KOSDAQ,False
224060,더코디,KOSDAQ,False
224110,에이텍모빌리티,KOSDAQ,False
225190,LK삼양,KOSDAQ,False
225220,제놀루션,KOSDAQ,False
225430,케이엠제약,KOSDAQ,False
225530,HC보광산업,KOSDAQ,False
225570,넥슨게임즈,KOSDAQ,False
225590,패션플랫폼,KOSDAQ,False
226330,신테카바이오,KOSDAQ,False
226340,본느,KOSDAQ,False
226400,오스테오닉,KOSDAQ,False
226590,엠디바이스,KOSDAQ,False
226950,올릭스,KOSDAQ,False
227100,프로브잇,KOSDAQ,False
227610,아우딘퓨쳐스,KOSDAQ,False
227950,엔투텍,KOSDAQ,False
228340,동양파일,KOSDAQ,False
228670,레이,KOSDAQ,False
228760,지노믹트리,KOSDAQ,False
228850,레이언스,KOSDAQ,False
229000,젠큐릭스,KOSDAQ,False
230240,에치에프알,KOSDAQ,False
230360,에코마케팅,KOSDAQ,False
232140,와이씨,KOSDAQ,False
232680,라온로보틱스,KOSDAQ,False
232830,아이티센피엔에스,KOSDAQ,False
234030,싸이닉솔루션,KOSDAQ,False
234100,폴라리스세원,KOSDAQ,False
234300,에스트래픽,KOSDAQ,False
234340,헥토파이낸셜,KOSDAQ,False
234690,녹십자웰빙,KOSDAQ,False
234920,자이글,KOSDAQ,False
235980,메드팩토,KOSDAQ,False
236200,슈프리마,KOSDAQ,False
236810,엔비티,KOSDAQ,False
237690,에스티팜,KOSDAQ,False
237750,피앤씨테크,KOSDAQ,False
237820,플레이디,KOSDAQ,False
237880,클리오,KOSDAQ,False
238090,앤디포스,KOSDAQ,False
238120,얼라인드,KOSDAQ,False
238200,비피도,KOSDAQ,False
238490,힘스,KOSDAQ,False
239340,이스트에이드,KOSDAQ,False
239610,에이치엘사이언스,KOSDAQ,False
239890,피엔에이치테크,KOSDAQ,False
240550,동방메디컬,KOSDAQ,False
240600,유진테크놀로지,KOSDAQ,False
240810,원익IPS,KOSDAQ,False
241520,DSC인베스트먼트,KOSDAQ,False
241690,유니테크노,KOSDAQ,False
241710,코스메카코리아,KOSDAQ,False
241770,메카로,KOSDAQ,False
241790,티이엠씨씨엔에스,KOSDAQ,False
241820,피씨엘,KOSDAQ,False
241840,에이스토리,KOSDAQ,False
242040,나무기술,KOSDAQ,False
243070,휴온스,KOSDAQ,False
243840,신흥에스이씨,KOSDAQ,False
244460,올리패스,KOSDAQ,False
245620,EDGC,KOSDAQ,False
246250,에스엘에스바이오,KOSDAQ,False
246690,TS인베스트먼트,KOSDAQ,False
246710,티앤알바이오팹,KOSDAQ,False
246720,아스타,KOSDAQ,False
246960,SCL사이언스,KOSDAQ,False
247540,에코프로비엠,KOSDAQ,False
247660,나노씨엠에스,KOSDAQ,False
250000,보라티알,KOSDAQ,False
250060,모비스,KOSDAQ,False
250930,예선테크,KOSDAQ,False
251120,바이오에프디엔씨,KOSDAQ,False
251370,와이엠티,KOSDAQ,False
251630,브이원텍,KOSDAQ,False
251970,펌텍코리아,KOSDAQ,False
252500,세화피앤씨,KOSDAQ,False
252990,샘씨엔에스,KOSDAQ,False
253450,스튜디오드래곤,KOSDAQ,False
253590,네오셈,KOSDAQ,False
253840,수젠텍,KOSDAQ,False
254120,자비스,KOSDAQ,False
254490,미래반도체,KOSDAQ,False
255220,SG,KOSDAQ,False
255440,야스,KOSDAQ,False
256150,한독크린텍,KOSDAQ,False
256630,포인트엔지니어링,KOSDAQ,False
256840,한국비엔씨,KOSDAQ,False
256940,킵스파마,KOSDAQ,False
257370,피엔티엠에스,KOSDAQ,False
257720,실리콘투,KOSDAQ,False
258610,케일럼,KOSDAQ,False
258790,소프트캠프,KOSDAQ,False
258830,세종메디칼,KOSDAQ,False
259630,엠플러스,KOSDAQ,False
260660,알리코제약,KOSDAQ,False
260930,씨티케이,KOSDAQ,False
260970,에스앤디,KOSDAQ,False
261200,덴티스,KOSDAQ,False
261520,이지스,KOSDAQ,False
261780,아리바이오LAB,KOSDAQ,False
262260,에이프로,KOSDAQ,False
262840,아이퀘스트,KOSDAQ,False
263020,디케이앤디,KOSDAQ,False
263050,유틸렉스,KOSDAQ,False
263600,덕우전자,KOSDAQ,False
263690,디알젬,KOSDAQ,False
263700,케어랩스,KOSDAQ,False
263720,디앤씨미디어,KOSDAQ,False
263750,펄어비스,KOSDAQ,False
263770,유에스티,KOSDAQ,False
263800,데이타솔루션,KOSDAQ,False
263810,상신전자,KOSDAQ,False
263860,지니언스,KOSDAQ,False
263920,휴엠앤씨,KOSDAQ,False
264450,유비쿼스,KOSDAQ,False
264660,씨앤지하이테크,KOSDAQ,False
264850,이랜시스,KOSDAQ,False
265520,AP시스템,KOSDAQ,False
265560,영화테크,KOSDAQ,False
265740,엔에프씨,KOSDAQ,False
267320,나인테크,KOSDAQ,False
267790,배럴,KOSDAQ,False
267980,매일유업,KOSDAQ,False
269620,시스웍,KOSDAQ,False
270520,앱튼,KOSDAQ,False
270660,에브리봇,KOSDAQ,False
270870,뉴트리,KOSDAQ,False
271830,팸텍,KOSDAQ,False
272110,케이엔제이,KOSDAQ,False
272290,이녹스첨단소재,KOSDAQ,False
273060,와이즈버즈,KOSDAQ,False
273640,와이엠텍,KOSDAQ,False
274090,켄코아에어로스페이스,KOSDAQ,False
274400,이노시뮬레이션,KOSDAQ,False
275630,에스에스알,KOSDAQ,False
276040,스코넥,KOSDAQ,False
276730,한울앤제주,KOSDAQ,False
277070,린드먼아시아,KOSDAQ,False
277410,인산가,KOSDAQ,False
277810,레인보우로보틱스,KOSDAQ,False
277880,티에스아이,KOSDAQ,False
278280,천보,KOSDAQ,False
278650,HLB바이오스텝,KOSDAQ,False
279600,미디어젠,KOSDAQ,False
281740,레이크머티리얼즈,KOSDAQ,False
282720,금양그린파워,KOSDAQ,False
282880,코윈테크,KOSDAQ,False
284620,카이노스메드,KOSDAQ,False
285490,노바텍,KOSDAQ,False
285800,진영,KOSDAQ,False
286750,나노실리칸첨단소재,KOSDAQ,False
287840,인투셀,KOSDAQ,False
288180,케이피항공산업,KOSDAQ,False
288330,파라택시스코리아,KOSDAQ,False
288620,에스프리즘,KOSDAQ,False
288980,모아데이타,KOSDAQ,False
289010,아이스크림에듀,KOSDAQ,False
289080,SV인베스트먼트,KOSDAQ,False
289220,자이언트스텝,KOSDAQ,False
289930,웨이비스,KOSDAQ,False
290090,트윔,KOSDAQ,False
290120,DH오토리드,KOSDAQ,False
290270,휴네시온,KOSDAQ,False
290520,신도기연,KOSDAQ,False
290550,디케이티,KOSDAQ,False
290560,파라택시스이더리움,KOSDAQ,False
290650,엘앤씨바이오,KOSDAQ,False
290660,다이나믹솔루션,KOSDAQ,False
290670,대보마그네틱,KOSDAQ,False
290690,소룩스,KOSDAQ,False
290720,푸드나무,KOSDAQ,False
290740,액트로,KOSDAQ,False
291230,엔피,KOSDAQ,False
291650,압타머사이언스,KOSDAQ,False
291810,핀텔,KOSDAQ,False
293490,카카오게임즈,KOSDAQ,False
293580,나우IB,KOSDAQ,False
293780,압타바이오,KOSDAQ,False
294090,이오플로우,KOSDAQ,False
294140,레몬,KOSDAQ,False
294570,쿠콘,KOSDAQ,False
294630,서남,KOSDAQ,False
295310,에이치브이엠,KOSDAQ,False
296640,이노에이엑스,KOSDAQ,False
297090,씨에스베어링,KOSDAQ,False
297570,알로이스,KOSDAQ,False
297890,HB솔루션,KOSDAQ,False
298060,풍전약품,KOSDAQ,False
298380,에이비엘바이오,KOSDAQ,False
298540,더네이쳐홀딩스,KOSDAQ,False
298830,슈어소프트테크,KOSDAQ,False
299030,하나기술,KOSDAQ,False
299170,더블유에스아이,KOSDAQ,False
299660,셀리드,KOSDAQ,False
299900,위지윅스튜디오,KOSDAQ,False
300080,플리토,KOSDAQ,False
300120,라온피플,KOSDAQ,False
301300,바이브컴퍼니,KOSDAQ,False
302430,이노메트리,KOSDAQ,False
302550,리메드,KOSDAQ,False
303030,지니틱스,KOSDAQ,False
303360,프로티아,KOSDAQ,False
303530,이노뎁,KOSDAQ,False
303810,동국생명과학,KOSDAQ,False
304100,솔트룩스,KOSDAQ,False
304360,에스바이오메딕스,KOSDAQ,False
304840,피플바이오,KOSDAQ,False
305090,마이크로디지탈,KOSDAQ,False
306040,에스제이그룹,KOSDAQ,False
306620,지아이에스,KOSDAQ,False
307180,아이엘,KOSDAQ,False
307280,원바이오젠,KOSDAQ,False
307750,국전,KOSDAQ,False
307870,비투엔,KOSDAQ,False
307930,컴퍼니케이,KOSDAQ,False
308080,바이젠셀,KOSDAQ,False
308100,형지글로벌,KOSDAQ,False
308430,셀비온,KOSDAQ,False
309710,아이티켐,KOSDAQ,False
309930,조이웍스앤코,KOSDAQ,False
309960,LB인베스트먼트,KOSDAQ,False
310200,애니플러스,KOSDAQ,False
310210,보로노이,KOSDAQ,False
310870,디와이씨,KOSDAQ,False
311320,지오엘리먼트,KOSDAQ,False
311390,네오크레마,KOSDAQ,False
311690,CJ 바이오사이언스,KOSDAQ,False
312610,에이에프더블류,KOSDAQ,False
313760,캐리,KOSDAQ,False
314130,지놈앤컴퍼니,KOSDAQ,False
314140,알피바이오,KOSDAQ,False
314930,바이오다인,KOSDAQ,False
315640,딥노이드,KOSDAQ,False
317120,라닉스,KOSDAQ,False
317240,TS트릴리온,KOSDAQ,False
317330,덕산테코피아,KOSDAQ,False
317530,에피소드컴퍼니,KOSDAQ,False
317690,퀀타매트릭스,KOSDAQ,False
317770,엑스페릭스,KOSDAQ,False
317830,에스피시스템스,KOSDAQ,False
317850,대모,KOSDAQ,False
317870,엔바이오니아,KOSDAQ,False
318000,KBG,KOSDAQ,False
318010,팜스빌,KOSDAQ,False
318020,포인트모바일,KOSDAQ,False
318060,그래피,KOSDAQ,False
318160,셀바이오휴먼텍,KOSDAQ,False
318410,비비씨,KOSDAQ,False
319400,현대무벡스,KOSDAQ,False
319660,피에스케이,KOSDAQ,False
320000,한울반도체,KOSDAQ,False
321260,프로이천,KOSDAQ,False
321370,센서뷰,KOSDAQ,False
321550,티움바이오,KOSDAQ,False
321820,아티스트컴퍼니,KOSDAQ,False
322180,LS티라유텍,KOSDAQ,False
322310,오로스테크놀로지,KOSDAQ,False
322510,제이엘케이,KOSDAQ,False
322780,코퍼스코리아,KOSDAQ,False
323280,태성,KOSDAQ,False
323350,다원넥스뷰,KOSDAQ,False
323990,박셀바이오,KOSDAQ,False
327260,RF머트리얼즈,KOSDAQ,False
328130,루닛,KOSDAQ,False
328380,솔트웨어,KOSDAQ,False
330350,위더스제약,KOSDAQ,False
330730,스톤브릿지벤처스,KOSDAQ,False
330860,네패스아크,KOSDAQ,False
331380,포커스에이아이,KOSDAQ,False
331520,밸로프,KOSDAQ,False
331740,아우토크립트,KOSDAQ,False
331920,셀레믹스,KOSDAQ,False
332290,누보,KOSDAQ,False
332370,아이디피,KOSDAQ,False
332570,PS일렉트로닉스,KOSDAQ,False
333050,이노테나,KOSDAQ,False
333430,일승,KOSDAQ,False
333620,엔시스,KOSDAQ,False
334970,프레스티지바이오로직스,KOSDAQ,False
335810,프리시젼바이오,KOSDAQ,False
335870,윙스풋,KOSDAQ,False
336060,웨이버스,KOSDAQ,False
336570,원텍,KOSDAQ,False
336680,탑런토탈솔루션,KOSDAQ,False
337930,젝시믹스,KOSDAQ,False
338220,뷰노,KOSDAQ,False
338840,와이바이오로직스,KOSDAQ,False
339950,아이비김영,KOSDAQ,False
340360,다보링크,KOSDAQ,False
340440,세림B&G,KOSDAQ,False
340450,지씨지놈,KOSDAQ,False
340570,티앤엘,KOSDAQ,False
340810,시선AI,KOSDAQ,False
340930,유일에너테크,KOSDAQ,False
342870,오아,KOSDAQ,False
344860,이노진,KOSDAQ,False
347000,센코,KOSDAQ,False
347700,스피어,KOSDAQ,False
347740,피엔케이피부임상연구센타,KOSDAQ,False
347770,핌스,KOSDAQ,False
347850,디앤디파마텍,KOSDAQ,False
347860,알체라,KOSDAQ,False
347890,엠엑스온,KOSDAQ,False
348030,모비릭스,KOSDAQ,False
348080,큐라티스,KOSDAQ,False
348150,고바이오랩,KOSDAQ,False
348210,넥스틴,KOSDAQ,False
348340,뉴로메카,KOSDAQ,False
348350,위드텍,KOSDAQ,False
348370,엔켐,KOSDAQ,False
351320,넥사다이내믹스,KOSDAQ,False
351330,이삭엔지니어링,KOSDAQ,False
351870,차이커뮤니케이션,KOSDAQ,False
352090,스톰테크,KOSDAQ,False
352480,씨앤씨인터내셔널,KOSDAQ,False
352700,씨앤투스,KOSDAQ,False
352770,셀레스트라,KOSDAQ,False
352910,오비고,KOSDAQ,False
352940,인바이오,KOSDAQ,False
353190,휴럼,KOSDAQ,False
353590,오토앤,KOSDAQ,False
353810,이지바이오,KOSDAQ,False
354200,엔젠바이오,KOSDAQ,False
354320,알멕,KOSDAQ,False
355150,코스텍시스,KOSDAQ,False
355390,크라우드웍스,KOSDAQ,False
355690,에이텀,KOSDAQ,False
356680,엑스게이트,KOSDAQ,False
356860,티엘비,KOSDAQ,False
356890,싸이버원,KOSDAQ,False
357230,에이치피오,KOSDAQ,False
357550,석경에이티,KOSDAQ,False
357580,아모센스,KOSDAQ,False
357780,솔브레인,KOSDAQ,False
357880,SKAI,KOSDAQ,False
358570,지아이이노베이션,KOSDAQ,False
359090,씨엔알리서치,KOSDAQ,False
360070,탑머티리얼,KOSDAQ,False
360350,코셈,KOSDAQ,False
361390,제노코,KOSDAQ,False
361570,알비더블유,KOSDAQ,False
361670,삼영에스앤씨,KOSDAQ,False
362320,청담글로벌,KOSDAQ,False
362990,드림인사이트,KOSDAQ,False
363250,진시스템,KOSDAQ,False
363260,모비데이즈,KOSDAQ,False
364950,에이아이코리아,KOSDAQ,False
365270,큐라클,KOSDAQ,False
365330,에스와이스틸텍,KOSDAQ,False
365340,성일하이텍,KOSDAQ,False
365590,하이딥,KOSDAQ,False
365900,브이씨,KOSDAQ,False
366030,공구우먼,KOSDAQ,False
367000,플래티어,KOSDAQ,False
368600,아이씨에이치,KOSDAQ,False
368770,파이버프로,KOSDAQ,False
368970,오에스피,KOSDAQ,False
369370,블리츠웨이엔터테인먼트,KOSDAQ,False
370090,퓨런티어,KOSDAQ,False
371950,풍원정밀,KOSDAQ,False
372170,윤성에프앤씨,KOSDAQ,False
372320,큐로셀,KOSDAQ,False
372800,아이티아이즈,KOSDAQ,False
373110,엑셀세라퓨틱스,KOSDAQ,False
373160,데이원컴퍼니,KOSDAQ,False
373170,엠아이큐브솔루션,KOSDAQ,False
373200,엑스플러스,KOSDAQ,False
376180,피코그램,KOSDAQ,False
376270,HEM파마,KOSDAQ,False
376290,씨유테크,KOSDAQ,False
376300,디어유,KOSDAQ,False
376900,로킷헬스케어,KOSDAQ,False
376930,노을,KOSDAQ,False
376980,원티드랩,KOSDAQ,False
377030,비트맥스,KOSDAQ,False
377220,프롬바이오,KOSDAQ,False
377330,이지트로닉스,KOSDAQ,False
377450,리파인,KOSDAQ,False
377460,큐에이드,KOSDAQ,False
377480,마음AI,KOSDAQ,False
378340,필에너지,KOSDAQ,False
378800,샤페론,KOSDAQ,False
380540,옵티코어,KOSDAQ,False
380550,뉴로핏,KOSDAQ,False
381620,제닉스로보틱스,KOSDAQ,False
382150,온코크로스,KOSDAQ,False
382480,지아이텍,KOSDAQ,False
382800,지앤비에스 에코,KOSDAQ,False
382840,원준,KOSDAQ,False
382900,범한퓨얼셀,KOSDAQ,False
383310,에코프로에이치엔,KOSDAQ,False
383930,디티앤씨알오,KOSDAQ,False
384470,코어라인소프트,KOSDAQ,False
387570,파인메딕스,KOSDAQ,False
388050,지투파워,KOSDAQ,False
388210,씨엠티엑스,KOSDAQ,False
388610,지에프씨생명과학,KOSDAQ,False
388720,유일로보틱스,KOSDAQ,False
388790,라이콤,KOSDAQ,False
388870,파로스아이바이오,KOSDAQ,False
389020,자람테크놀로지,KOSDAQ,False
389030,지니너스,KOSDAQ,False
389140,포바이포,KOSDAQ,False
389260,대명에너지,KOSDAQ,False
389470,인벤티지랩,KOSDAQ,False
389500,에스비비테크,KOSDAQ,False
389650,넥스트바이오메디컬,KOSDAQ,False
389680,유디엠텍,KOSDAQ,False
391710,코닉오토메이션,KOSDAQ,False
393210,토마토시스템,KOSDAQ,False
393890,더블유씨피,KOSDAQ,False
393970,대진첨단소재,KOSDAQ,False
394280,오픈엣지테크놀로지,KOSDAQ,False
394420,리센스메디컬,KOSDAQ,False
394800,쓰리빌리언,KOSDAQ,False
396270,넥스트칩,KOSDAQ,False
396300,세아메카닉스,KOSDAQ,False
396470,워트,KOSDAQ,False
397030,에이프릴바이오,KOSDAQ,False
397810,애드포러스,KOSDAQ,False
398120,에스지헬스케어,KOSDAQ,False
399720,가온칩스,KOSDAQ,False
402030,코난테크놀로지,KOSDAQ,False
402490,그린리소스,KOSDAQ,False
403490,우듬지팜,KOSDAQ,False
403850,더핑크퐁컴퍼니,KOSDAQ,False
403870,HPSP,KOSDAQ,False
405000,플라즈맵,KOSDAQ,False
405100,큐알티,KOSDAQ,False
405920,나라셀라,KOSDAQ,False
406820,뷰티스킨,KOSDAQ,False
407400,꿈비,KOSDAQ,False
408470,한패스,KOSDAQ,False
408900,스튜디오미르,KOSDAQ,False
408920,메쎄이상,KOSDAQ,False
411080,샌즈랩,KOSDAQ,False
412350,레이저쎌,KOSDAQ,False
412540,제일엠앤에스,KOSDAQ,False
413390,엠오티,KOSDAQ,False
413630,씨피시스템,KOSDAQ,False
413640,비아이매트릭스,KOSDAQ,False
415380,스튜디오삼익,KOSDAQ,False
416180,신성에스티,KOSDAQ,False
417010,나노팀,KOSDAQ,False
417180,핑거스토리,KOSDAQ,False
417200,LS머트리얼즈,KOSDAQ,False
417500,제이아이테크,KOSDAQ,False
417790,트루엔,KOSDAQ,False
417840,저스템,KOSDAQ,False
417860,오브젠,KOSDAQ,False
417970,모델솔루션,KOSDAQ,False
418250,시큐레터,KOSDAQ,False
418420,라온텍,KOSDAQ,False
418470,KT밀리의서재,KOSDAQ,False
418550,제이오,KOSDAQ,False
418620,E8,KOSDAQ,False
419050,삼기에너지솔루션즈,KOSDAQ,False
419080,엔젯,KOSDAQ,False
419120,산돌,KOSDAQ,False
419530,SAMG엔터,KOSDAQ,False
419540,비스토스,KOSDAQ,False
420570,제이투케이바이오,KOSDAQ,False
420770,기가비스,KOSDAQ,False
424760,벨로크,KOSDAQ,False
424870,이뮨온시아,KOSDAQ,False
424960,스마트레이더시스템,KOSDAQ,False
424980,마이크로투나노,KOSDAQ,False
425040,티이엠씨,KOSDAQ,False
425420,티에프이,KOSDAQ,False
429270,시지트로닉스,KOSDAQ,False
430690,한싹,KOSDAQ,False
431190,케이쓰리아이,KOSDAQ,False
432430,와이랩,KOSDAQ,False
432470,케이엔에스,KOSDAQ,False
432720,퀄리타스반도체,KOSDAQ,False
432980,엠에프씨,KOSDAQ,False
434480,모니터랩,KOSDAQ,False
435570,에르코스,KOSDAQ,False
437730,삼현,KOSDAQ,False
438700,버넥트,KOSDAQ,False
439090,마녀공장,KOSDAQ,False
439580,블루엠텍,KOSDAQ,False
439960,코스모로보틱스,KOSDAQ,False
440110,파두,KOSDAQ,False
440290,HB인베스트먼트,KOSDAQ,False
440320,오픈놀,KOSDAQ,False
441270,파인엠텍,KOSDAQ,False
443250,레뷰코퍼레이션,KOSDAQ,False
443670,에스피소프트,KOSDAQ,False
444530,심플랫폼,KOSDAQ,False
445090,에이직랜드,KOSDAQ,False
445180,퓨릿,KOSDAQ,False
445680,큐리옥스바이오시스템즈,KOSDAQ,False
446540,메가터치,KOSDAQ,False
446840,지슨,KOSDAQ,False
448280,에코아이,KOSDAQ,False
448710,코츠테크놀로지,KOSDAQ,False
448900,한국피아이엠,KOSDAQ,False
450330,하스,KOSDAQ,False
450520,인스웨이브,KOSDAQ,False
450950,아스테라시스,KOSDAQ,False
451220,아이엠티,KOSDAQ,False
451250,삐아,KOSDAQ,False
451760,컨텍,KOSDAQ,False
452160,제이엔비,KOSDAQ,False
452190,한빛레이저,KOSDAQ,False
452200,민테크,KOSDAQ,False
452280,한선엔지니어링,KOSDAQ,False
452300,캡스톤파트너스,KOSDAQ,False
452400,이닉스,KOSDAQ,False
452430,사피엔반도체,KOSDAQ,False
452450,피아이이,KOSDAQ,False
453450,그리드위즈,KOSDAQ,False
453860,에이에스텍,KOSDAQ,False
455180,케이지에이,KOSDAQ,False
455900,엔젤로보틱스,KOSDAQ,False
456010,아이씨티케이,KOSDAQ,False
456070,이엔셀,KOSDAQ,False
456160,지투지바이오,KOSDAQ,False
457370,한켐,KOSDAQ,False
457550,우진엔텍,KOSDAQ,False
457600,벡트,KOSDAQ,False
458350,에스팀,KOSDAQ,False
458650,성우,KOSDAQ,False
458870,씨어스,KOSDAQ,False
459100,위츠,KOSDAQ,False
459510,나우로보틱스,KOSDAQ,False
459550,알트,KOSDAQ,False
460470,아이빔테크놀로지,KOSDAQ,False
460870,에스엠씨지,KOSDAQ,False
460930,현대힘스,KOSDAQ,False
460940,피앤에스로보틱스,KOSDAQ,False
461030,아이엠비디엑스,KOSDAQ,False
461300,아이스크림미디어,KOSDAQ,False
462310,뉴키즈온,KOSDAQ,False
462350,이노스페이스,KOSDAQ,False
462510,라메디텍,KOSDAQ,False
462860,더즌,KOSDAQ,False
462980,아이지넷,KOSDAQ,False
463020,뉴엔AI,KOSDAQ,False
463480,모티브링크,KOSDAQ,False
464080,에스오에스랩,KOSDAQ,False
464280,티디에스팜,KOSDAQ,False
464490,쿼드메디슨,KOSDAQ,False
464500,아이언디바이스,KOSDAQ,False
464580,닷밀,KOSDAQ,False
465320,교보15호스팩,KOSDAQ,False
465480,인스피언,KOSDAQ,False
466100,클로봇,KOSDAQ,False
466410,사이냅소프트,KOSDAQ,False
466690,키움히어로제1호스팩,KOSDAQ,False
467930,IBKS제23호스팩,KOSDAQ,False
468530,프로티나,KOSDAQ,False
468760,유진스팩10호,KOSDAQ,False
469480,IBKS제24호스팩,KOSDAQ,False
469610,이노테크,KOSDAQ,False
469750,아이비젼웍스,KOSDAQ,False
469880,하나30호스팩,KOSDAQ,False
469900,하나31호스팩,KOSDAQ,False
471050,대신밸런스제17호스팩,KOSDAQ,False
471820,셀로맥스사이언스,KOSDAQ,False
472220,신영스팩10호,KOSDAQ,False
472230,SK증권제11호스팩,KOSDAQ,False
472850,폰드그룹,KOSDAQ,False
473000,SK증권제12호스팩,KOSDAQ,False
473050,유안타제15호스팩,KOSDAQ,False
473950,SK증권제13호스팩,KOSDAQ,False
473980,노머스,KOSDAQ,False
474170,루미르,KOSDAQ,False
474490,유안타제16호스팩,KOSDAQ,False
474610,RF시스템즈,KOSDAQ,False
474650,링크솔루션,KOSDAQ,False
474660,신한제12호스팩,KOSDAQ,False
474930,신한제13호스팩,KOSDAQ,False
475230,엔알비,KOSDAQ,False
475240,하나32호스팩,KOSDAQ,False
475250,하나33호스팩,KOSDAQ,False
475400,씨메스로보틱스,KOSDAQ,False
475430,키스트론,KOSDAQ,False
475460,미트박스,KOSDAQ,False
475580,에이럭스,KOSDAQ,False
475660,에스켐,KOSDAQ,False
475830,오름테라퓨틱,KOSDAQ,False
475960,토모큐브,KOSDAQ,False
476040,오가노이드사이언스,KOSDAQ,False
476060,온코닉테라퓨틱스,KOSDAQ,False
476080,M83,KOSDAQ,False
476830,알지노믹스,KOSDAQ,False
477340,에이치엠씨제7호스팩,KOSDAQ,False
477380,미래에셋비전스팩4호,KOSDAQ,False
477470,미래에셋비전스팩5호,KOSDAQ,False
477760,디비금융스팩12호,KOSDAQ,False
477850,마키나락스,KOSDAQ,False
478110,이베스트스팩6호,KOSDAQ,False
478340,나라스페이스테크놀로지,KOSDAQ,False
478390,KB제29호스팩,KOSDAQ,False
478440,미래에셋비전스팩6호,KOSDAQ,False
478560,블랙야크아이앤씨,KOSDAQ,False
479880,한국제15호스팩,KOSDAQ,False
479960,위너스일렉,KOSDAQ,False
481070,에이유브랜즈,KOSDAQ,False
481890,엔에이치스팩31호,KOSDAQ,False
482520,교보16호스팩,KOSDAQ,False
482630,삼양엔씨켐,KOSDAQ,False
482680,미래에셋비전스팩7호,KOSDAQ,False
482690,대신밸런스제19호스팩,KOSDAQ,False
484120,도우인시스,KOSDAQ,False
484130,하나34호스팩,KOSDAQ,False
484590,삼양컴텍,KOSDAQ,False
484810,티엑스알로보틱스,KOSDAQ,False
486630,KB제30호스팩,KOSDAQ,False
486990,노타,KOSDAQ,False
487360,신한제14호스팩,KOSDAQ,False
487580,폴레드,KOSDAQ,False
487720,키움제10호스팩,KOSDAQ,False
487830,신한제15호스팩,KOSDAQ,False
488060,유진스팩11호,KOSDAQ,False
488280,에스투더블유,KOSDAQ,False
488900,비츠로넥스텍,KOSDAQ,False
489210,교보17호스팩,KOSDAQ,False
489460,바이오비쥬,KOSDAQ,False
489480,키움제11호스팩,KOSDAQ,False
489500,엘케이켐,KOSDAQ,False
489730,디비금융제13호스팩,KOSDAQ,False
490470,세미파이브,KOSDAQ,False
491000,리브스메드,KOSDAQ,False
492220,KB제31호스팩,KOSDAQ,False
493280,아이엠바이오로직스,KOSDAQ,False
493330,지에프아이,KOSDAQ,False
493790,유안타제17호스팩,KOSDAQ,False
494120,큐리오시스,KOSDAQ,False
496070,신한제16호스팩,KOSDAQ,False
498390,한화플러스제5호스팩,KOSDAQ,False
900070,글로벌에스엠,KOSDAQ,False
900100,파이온엑스,KOSDAQ,False
900110,딥커머스,KOSDAQ,False
900120,씨엑스아이,KOSDAQ,False
900250,크리스탈신소재,KOSDAQ,False
900260,로스웰,KOSDAQ,False
900270,헝셩그룹,KOSDAQ,False
900290,GRT,KOSDAQ,False
900300,오가닉티코스메틱,KOSDAQ,False
900310,컬러레이,KOSDAQ,False
900340,윙입푸드,KOSDAQ,False
950130,엑세스바이오,KOSDAQ,False
950140,잉글우드랩,KOSDAQ,False
950160,코오롱티슈진,KOSDAQ,False
950170,JTC,KOSDAQ,False
950190,고스트스튜디오,KOSDAQ,False
950200,소마젠,KOSDAQ,False
950220,네오이뮨텍,KOSDAQ,False
950250,테라뷰,KOSDAQ,False
